;Australia_Total;Austria_Total;Belgium_Total;Canada_Total;Czech Republic_Total;Denmark_Total;Finland_Total;France_Total;Germany_Total;Greece_Total;Ireland_Total;Italy_Total;Japan_Total;Korea_Total;Netherlands_Total;New Zealand_Total;Norway_Total;Portugal_Total;Slovenia_Total;Spain_Total;Sweden_Total;Switzerland_Total;United Kingdom_Total;United States_Total;Australia_Foreign;Austria_Foreign;Belgium_Foreign;Canada_Foreign;Czech Republic_Foreign;Denmark_Foreign;Finland_Foreign;France_Foreign;Germany_Foreign;Greece_Foreign;Ireland_Foreign;Italy_Foreign;Japan_Foreign;Korea_Foreign;Netherlands_Foreign;New Zealand_Foreign;Norway_Foreign;Portugal_Foreign;Slovenia_Foreign;Spain_Foreign;Sweden_Foreign;Switzerland_Foreign;United Kingdom_Foreign;United States_Foreign;Australia_ForeignOfficial;Austria_ForeignOfficial;Belgium_ForeignOfficial;Canada_ForeignOfficial;Czech Republic_ForeignOfficial;Denmark_ForeignOfficial;Finland_ForeignOfficial;France_ForeignOfficial;Germany_ForeignOfficial;Greece_ForeignOfficial;Ireland_ForeignOfficial;Italy_ForeignOfficial;Japan_ForeignOfficial;Korea_ForeignOfficial;Netherlands_ForeignOfficial;New Zealand_ForeignOfficial;Norway_ForeignOfficial;Portugal_ForeignOfficial;Slovenia_ForeignOfficial;Spain_ForeignOfficial;Sweden_ForeignOfficial;Switzerland_ForeignOfficial;United Kingdom_ForeignOfficial;United States_ForeignOfficial;Australia_ForeignBank;Austria_ForeignBank;Belgium_ForeignBank;Canada_ForeignBank;Czech Republic_ForeignBank;Denmark_ForeignBank;Finland_ForeignBank;France_ForeignBank;Germany_ForeignBank;Greece_ForeignBank;Ireland_ForeignBank;Italy_ForeignBank;Japan_ForeignBank;Korea_ForeignBank;Netherlands_ForeignBank;New Zealand_ForeignBank;Norway_ForeignBank;Portugal_ForeignBank;Slovenia_ForeignBank;Spain_ForeignBank;Sweden_ForeignBank;Switzerland_ForeignBank;United Kingdom_ForeignBank;United States_ForeignBank;Australia_ForeignNonbank;Austria_ForeignNonbank;Belgium_ForeignNonbank;Canada_ForeignNonbank;Czech Republic_ForeignNonbank;Denmark_ForeignNonbank;Finland_ForeignNonbank;France_ForeignNonbank;Germany_ForeignNonbank;Greece_ForeignNonbank;Ireland_ForeignNonbank;Italy_ForeignNonbank;Japan_ForeignNonbank;Korea_ForeignNonbank;Netherlands_ForeignNonbank;New Zealand_ForeignNonbank;Norway_ForeignNonbank;Portugal_ForeignNonbank;Slovenia_ForeignNonbank;Spain_ForeignNonbank;Sweden_ForeignNonbank;Switzerland_ForeignNonbank;United Kingdom_ForeignNonbank;United States_ForeignNonbank;Australia_Domestic;Austria_Domestic;Belgium_Domestic;Canada_Domestic;Czech Republic_Domestic;Denmark_Domestic;Finland_Domestic;France_Domestic;Germany_Domestic;Greece_Domestic;Ireland_Domestic;Italy_Domestic;Japan_Domestic;Korea_Domestic;Netherlands_Domestic;New Zealand_Domestic;Norway_Domestic;Portugal_Domestic;Slovenia_Domestic;Spain_Domestic;Sweden_Domestic;Switzerland_Domestic;United Kingdom_Domestic;United States_Domestic;Australia_DomesticCentralBank;Austria_DomesticCentralBank;Belgium_DomesticCentralBank;Canada_DomesticCentralBank;Czech Republic_DomesticCentralBank;Denmark_DomesticCentralBank;Finland_DomesticCentralBank;France_DomesticCentralBank;Germany_DomesticCentralBank;Greece_DomesticCentralBank;Ireland_DomesticCentralBank;Italy_DomesticCentralBank;Japan_DomesticCentralBank;Korea_DomesticCentralBank;Netherlands_DomesticCentralBank;New Zealand_DomesticCentralBank;Norway_DomesticCentralBank;Portugal_DomesticCentralBank;Slovenia_DomesticCentralBank;Spain_DomesticCentralBank;Sweden_DomesticCentralBank;Switzerland_DomesticCentralBank;United Kingdom_DomesticCentralBank;United States_DomesticCentralBank;Australia_DomesticBank;Austria_DomesticBank;Belgium_DomesticBank;Canada_DomesticBank;Czech Republic_DomesticBank;Denmark_DomesticBank;Finland_DomesticBank;France_DomesticBank;Germany_DomesticBank;Greece_DomesticBank;Ireland_DomesticBank;Italy_DomesticBank;Japan_DomesticBank;Korea_DomesticBank;Netherlands_DomesticBank;New Zealand_DomesticBank;Norway_DomesticBank;Portugal_DomesticBank;Slovenia_DomesticBank;Spain_DomesticBank;Sweden_DomesticBank;Switzerland_DomesticBank;United Kingdom_DomesticBank;United States_DomesticBank;Australia_DomesticNonbank;Austria_DomesticNonbank;Belgium_DomesticNonbank;Canada_DomesticNonbank;Czech Republic_DomesticNonbank;Denmark_DomesticNonbank;Finland_DomesticNonbank;France_DomesticNonbank;Germany_DomesticNonbank;Greece_DomesticNonbank;Ireland_DomesticNonbank;Italy_DomesticNonbank;Japan_DomesticNonbank;Korea_DomesticNonbank;Netherlands_DomesticNonbank;New Zealand_DomesticNonbank;Norway_DomesticNonbank;Portugal_DomesticNonbank;Slovenia_DomesticNonbank;Spain_DomesticNonbank;Sweden_DomesticNonbank;Switzerland_DomesticNonbank;United Kingdom_DomesticNonbank;United States_DomesticNonbank
2004Q1;99.676;160.907;300.65;880.724;855.269;734.514;64.653;1082.162;1462.632;187.837;45.007;1525.032;749296.98;117466.55;263.389;36.856;692.983;94.022;7.132;388.781;1364.719;227.114;467.675;6928.154;25.543;111.82;153.757;176.248;79.405;215.014;50.041;469.279;675.794;109.955;24.441;514.718;26934.859;16529.242;151.306;12.964;381.803;58.563;2.318;164.703;519.016;25.872;68.344;1652.119;14.816;9.597;13.998;15.825;13.6;66.873;5.041;157.569;281.084;14.376;4.267;31.677;12075.813;11533.693;28.199;1.209;19.515;8.222;0.37;11.046;80.748;6.953;37.76;1031;1.293;23.99;44.116;22.784;37.432;22.808;6.794;72.363;87.758;76.32;8.224;248.137;2018.871;3957.125;27.454;0.085;11.006;36.768;1.21;57.991;69.831;11.635;3.277;133.995;9.434;78.233;95.64300000000001;137.639;28.373000000000005;125.33300000000003;38.206;239.34700000000004;306.952;19.259;11.95;234.90399999999994;12840.175;1038.423999999999;95.65300000000002;11.67;351.28200000000004;13.573;0.738;95.66600000000001;368.43699999999995;7.284000000000001;27.306999999999995;487.1239999999999;74.13300000000001;49.08700000000002;146.89299999999997;704.4760000000001;775.864;519.5;14.612000000000009;612.883;786.8380000000001;77.88199999999999;20.566;1010.314;722362.1209999999;100937.308;112.083;23.892000000000003;311.17999999999995;35.459;4.814;224.078;845.7030000000001;201.24200000000002;399.331;5276.035000000001;5.72;0.814;2.786;41.01;0;17.456;0.273;23.167;9.074;15.367;0.021;52.858;100022;7266.2;0.956;3.395;23.1;0.386;0.108;19.52;0;10.21;0;674.084;6.324;27.089;99.878;138.31;517.501;108.546;7.796;361.533;587.767;32.265;4.969;216.325;265450;47760.7;64.079;7.17;129.4;12.765;2.645;109.943;264.546;24.093;12.312;289.844;62.08900000000001;21.18400000000002;44.22899999999997;525.1560000000002;258.36300000000006;393.498;6.543000000000009;228.183;189.99700000000007;30.249999999999986;15.575999999999997;741.1310000000001;356890.1209999999;45910.40800000001;47.048;13.327000000000004;158.67999999999992;22.308;2.0610000000000004;94.615;581.1570000000002;166.93900000000002;387.019;4312.107000000001
2004Q2;98.403;169.004;300.425;883.909;897.217;748.265;66.964;1116.597;1472.314;198.359;46.95;1566.697;765997.66;125093.51;267.289;33.362;796.977;97.502;7.243;390.34;1335.595;227.967;493.249;7038.7;27.242;117.275;155.287;176.477;133.563;224.203;51.346;471.837;679.386;116.374;27.26;527.377;26935.383;15867.505;151.957;11.588;477.358;58.962;2.055;160.525;491.899;23.465;82.1;1803.709;16.229;9.209;14.823;15.783;14.4;70.985;5.092;145.815;289.997;15.371;5.806;33.348;12456.437;11374.138;29.238;1.231;20.336;8.621;0.363;11.868;86.162;7.395;39.648;1160.9;1.553;23.152;43.606;23.78;50.12;25.495;7.16;76.472;86.644;75.926;8.529;254.727;2057.685;3689.682;26.907;0.073;10.92;37.609;1.173;58.855;72.488;14.906;3.14;125.075;9.46;84.914;96.858;136.91400000000002;69.04299999999998;127.72300000000001;39.093999999999994;249.55;302.74499999999995;25.076999999999998;12.925;239.30199999999994;12421.261000000002;803.6849999999986;95.812;10.283999999999999;446.102;12.732;0.5190000000000001;89.80200000000002;333.24899999999997;1.1639999999999997;39.31199999999999;517.7339999999999;71.161;51.728999999999985;145.138;707.432;763.654;524.062;15.618000000000002;644.76;792.9280000000001;81.98500000000001;19.69;1039.32;739062.277;109226.00499999999;115.332;21.774;319.61899999999997;38.53999999999999;5.188000000000001;229.81499999999997;843.696;204.502;411.149;5234.991;6.656;0.82;2.782;43.02;0;17.149;0.281;24.687;9.276;14.883;0.02;54.195;94495.8;9164.4;0.943;3.352;22.4;0.407;0.111;20.159;0;9.98;0;687.391;5.711;27.018;100.904;132.07;526.484;106.528;7.934;370.601;587.208;35.766;5.002;221.602;276740;49888.6;64.491;6.436;133.5;13.883;2.74;112.51;210.205;24.565;19.926;262.662;58.794;23.890999999999984;41.452;532.3420000000001;237.16999999999996;400.385;7.403000000000001;249.47199999999998;196.4440000000002;31.33600000000002;14.668000000000003;763.5229999999999;367826.47699999996;50173.005;49.897999999999996;11.986;163.719;24.249999999999996;2.3370000000000006;97.14599999999997;633.491;169.95700000000002;391.223;4284.938
2004Q3;99.463;171.083;301.26;873.044;890.021;763.534;68.546;1121.826;1490.971;199.794;45.983;1571.92;754897.07;137407.12;271.687;34.76;817.268;99.055;7.306;386.682;1324.08;228.806;500.957;7150.902;25.643;121.11;156.583;169.641;156.884;234.656;53.006;478.84;692.157;118.071;26.226;538.535;31397.419;14971.371;160.254;13.072;493.291;60.73;2.11;165.254;513.505;24.629;86.478;1851.762;16.036;8.962;15.807;15.598;16.2;74.789;5.231;137.32;296.955;15.974;5.419;36.415;12209.062;9593.115;30.814;1.154;19.722;10.588;0.392;12.987;91.166;5.366;45.623;1204.9;1.565;23.812;45.804;22.775;47.499;28.273;7.312;70.187;89.329;86.021;9.801;254.259;2124.322;4473.087;26.214;0.113;9.578;39.911;1.308;66.761;80.62;12.272;3.256;132.919;8.042;88.336;94.97200000000001;131.26799999999997;93.185;131.59400000000002;40.463;271.33299999999997;305.87300000000005;16.075999999999993;11.005999999999998;247.86099999999996;17064.035000000003;905.168999999999;103.226;11.805;463.99100000000004;10.230999999999995;0.4099999999999999;85.506;341.719;6.991000000000001;37.599;513.9429999999999;73.82;49.973;144.677;703.403;733.137;528.8779999999999;15.540000000000006;642.9860000000001;798.814;81.72300000000001;19.756999999999998;1033.3850000000002;723499.651;122435.749;111.43300000000002;21.688;323.97700000000003;38.32500000000001;5.196;221.42800000000003;810.5749999999999;204.17700000000002;414.479;5299.14;5.053;0.814;2.764;42.81;0;16.601;0.29;24.831;9.292;14.759;0.02;55.308;94149.3;7964.4;0.709;4.359;22.6;0.427;0.113;20.55;0;9.86;0;698.617;4.887;27.23;98.261;128.22;488.846;102.509;7.984;369.797;593.736;35.871;4.998;224.734;265320;53189.8;62.516;7.001;137.5;13.552;2.835;106.393;220.794;24.461;13.99;240.249;63.879999999999995;21.929;43.65199999999999;532.373;244.29099999999994;409.7679999999999;7.266000000000007;248.35800000000006;195.78599999999994;31.09300000000001;14.738999999999997;753.3430000000002;364030.3509999999;61281.549;48.20800000000002;10.328;163.877;24.34600000000001;2.2479999999999993;94.48500000000001;589.781;169.856;400.489;4360.274
2004Q4;98.371;158.546;288.419;871.456;873.493;697.698;71.335;1134.347;1489.671;199.282;43.914;1526.461;761502.46;144708.15;266.661;35.442;768.099;102.155;7.428;389.888;1375.293;229.685;526.43;7341.928;27.535;113.284;144.483;167.556;178.892;203.111;55.714;503.776;703.152;117.719;25.253;530.411;34018.987;13869.701;156.187;14.06;460.27;63.211;2.14;176.153;487.633;27.532;92.126;1911.083;15.47;8.726;16.872;15.791;20.7;75.917;5.409;131.225;302.455;17.865;5.429;39.375;13179.534;8499.35;32.478;1.135;19.714;10.995;0.381;14.375;94.543;5.255;49.997;1233.3;1.646;22.542;41.984;22.138;50.751;21.477;6.66;76.374;85.332;87.286;7.828;247.575;2732.873;3132.247;27.019;0.104;9.037;37.154;1.41;64.709;71.67;12.706;2.834;124.584;10.419;82.016;85.62700000000001;129.627;107.441;105.71699999999998;43.644999999999996;296.177;315.36500000000007;12.567999999999998;11.995999999999999;243.46099999999996;18106.58;2238.103999999999;96.69;12.821000000000002;431.519;15.061999999999998;0.3490000000000002;97.06899999999999;321.41999999999996;9.571000000000002;39.295;553.1990000000001;70.836;45.261999999999986;143.93599999999998;703.9;694.6010000000001;494.587;15.620999999999995;630.5709999999999;786.519;81.56300000000002;18.661;996.0500000000001;727483.473;130838.449;110.47399999999999;21.381999999999998;307.82900000000006;38.944;5.288;213.73499999999999;887.6599999999999;202.153;434.304;5430.844999999999;3.306;0.817;2.853;43.19;0;14.984;0.298;25.28;9.43;14.541;0;56.652;95025.9;2759.1;0.529;4.332;0;0.447;0.116;20.029;0;9.81;0;717.813;5.177;26.447;95.65;138.48;451.398;68.39;8.513;360.591;574.023;34.465;4.751;212.386;267120;56724.5;63.022;7.717;143.9;14.296;2.93;100.642;223.023;24.477;29.873;228.48;62.353;17.997999999999987;45.432999999999964;522.23;243.2030000000001;411.213;6.809999999999995;244.69999999999993;203.06600000000003;32.557000000000016;13.91;727.0120000000001;365337.573;71354.84899999999;46.922999999999995;9.332999999999998;163.92900000000006;24.201;2.2420000000000004;93.064;664.6369999999998;167.86599999999999;404.431;4484.552
2005Q1;99.262;180.542;303.644;890.399;889.827;711.12;64.482;1157.643;1517.899;200.892;45.065;1587.711;767609.32;169203.25;267.909;33.17;785.51;103.673;7.824;394.722;1374.287;228.768;525.618;7527.069;26.67;124.044;155.307;168.924;210.87;206.289;48.484;509.193;718.259;126.066;25.316;596.57;34778.335;12466.653;156.904;12.424;473.789;65.597;2.164;178.297;474.767;30.906;97.012;2002.903;16.047;10.33;19.148;15.992;20.7;77.053;5.929;143.19;330.946;18.29;7.844;42.505;14116.92;7073.201;37.946;1.199;21.494;11.711;0.372;15.654;91.067;5.821;58.483;1229.6;1.817;26.84;47.439;21.625;70.12;23.194;6.09;84.292;87.693;90.567;11.189;259.709;2262.757;4290.298;28.496;0.068;13.617;36.529;1.238;68.714;73.507;12.575;3.546;137.143;8.806000000000001;86.874;88.72;131.30700000000002;120.05000000000001;106.04199999999999;36.465;281.711;299.62;17.209000000000017;6.282999999999998;294.35600000000005;18398.658;1103.1540000000005;90.462;11.157;438.67799999999994;17.356999999999992;0.5540000000000003;93.929;310.193;12.510000000000002;34.983000000000004;636.1600000000001;72.592;56.498000000000005;148.33700000000002;721.475;678.957;504.831;15.997999999999998;648.45;799.6399999999999;74.826;19.749;991.141;732830.985;156736.597;111.005;20.746000000000002;311.721;38.07600000000001;5.66;216.42499999999998;899.52;197.862;428.60600000000005;5524.166;4.758;0.824;2.97;43.19;0;13.461;0.312;26.633;9.36;14.626;0.03;58.058;99123.9;15641.8;0.157;4.533;0;0.452;0.117;20.514;0;8.29;0;717.536;4.683;28.495;96.321;140.01;434.559;75.931;8.4;361.776;580.696;33.339;4.803;216.304;263170;63327;64.599;6.882;147.1;13.85;3.206;99.047;249.168;24.512;16.701;246.059;63.151;27.179000000000006;49.04600000000002;538.2750000000001;244.39799999999997;415.439;7.285999999999998;260.041;209.58399999999983;26.860999999999997;14.915999999999997;716.779;370537.08499999996;77767.79700000002;46.248999999999995;9.331000000000001;164.621;23.774000000000008;2.337;96.86399999999998;650.352;165.06;411.90500000000003;4560.571
2005Q2;97.174;188.732;302.37;886.481;893.29;716.416;66.02;1176.901;1532.092;209.098;46.368;1631.195;778040.37;183607.8;282.521;33.849;780.707;106.002;7.373;393.037;1351.017;227.856;545.145;7482.177;28.889;137.291;163.143;166.798;227.328;205.297;51.749;525.059;754.359;133.857;26.191;625.598;40583.451;12428.533;179.794;12.341;469.599;69.587;1.935;186.402;457.146;37.014;100.948;1887.682;15.749;11.872;21.282;15.825;26.2;77.052;6.415;152.087;351.685;18.308;11.29;42.309;14417.09;6816.05;43.335;1.237;22.38;10.878;0.37;16.704;87.066;5.013;60.164;1283.8;2.134;30.595;45.108;27.215;98.798;31.734;8.395;84.016;106.759;101.697;11.29;310.985;3531.495;4902.371;36.969;0.09;16.573;42.8;1.081;73.103;95.212;14.532;5.19;156.266;11.005999999999998;94.824;96.75299999999999;123.75800000000001;102.33000000000001;96.511;36.93900000000001;288.95599999999996;295.915;13.852000000000004;3.6110000000000007;272.304;22634.866;710.1119999999992;99.49000000000001;11.014;430.646;15.909000000000006;0.484;96.59499999999998;274.86800000000005;17.469000000000005;35.593999999999994;447.6160000000001;68.28500000000001;51.441;139.227;719.683;665.962;511.119;14.270999999999994;651.8420000000001;777.7330000000001;75.24100000000001;20.177000000000003;1005.597;737456.919;171179.267;102.727;21.507999999999996;311.108;36.41499999999999;5.438000000000001;206.635;893.8710000000001;190.84199999999998;444.197;5594.495;7.02;0.89;3.059;45.22;0;12.997;0.326;26.543;9.572;14.108;0.023;59.428;97100.4;16634;0.333;4.612;0;0.456;0.083;21.344;0;3.17;0;726.022;5.907;30.184;92.129;148.6;427.93;80.662;8.529;367.644;560.311;34.751;5.315;218.485;269620;68292.8;62.261;6.971;151.3;12.785;3.014;100.916;247.084;21.942;24.934;215.735;55.35800000000002;20.367;44.039;525.8629999999999;238.03199999999998;417.46000000000004;5.415999999999993;257.6550000000001;207.85000000000002;26.382000000000012;14.839000000000002;727.684;370736.519;86252.46699999999;40.133;9.924999999999994;159.808;23.17399999999999;2.3410000000000006;84.375;646.787;165.73;419.263;4652.738
2005Q3;96.75;189.145;301.465;877.303;896.782;666.667;65.658;1183.009;1553.598;212.478;46.181;1616.208;772656.45;179486.11;276.313;34.413;821.668;111.347;7.533;390.459;1364.123;226.933;556.673;7547.372;32.713;135.539;160.139;159.644;241.682;204.32;48.855;536.767;762.135;139.254;26.616;622.136;39355.003;12843.693;172.265;12.922;510.502;74.582;2.008;186.638;461.753;45.861;111.211;1943.348;17.09;12.743;22.153;16.065;28.3;72.637;6.481;152.517;349.971;17.532;13.036;39.959;15340.625;6670.084;46.08;1.285;23.059;11.169;0.361;16.719;76.259;5.676;64.917;1281.9;2.354;29.543;46.336;25.984;95.027;33.626;8.231;88.399;108.503;103.123;9.384;302.949;2673.926;5152.623;39.036;0.098;17.781;45.943;1.637;73.1;91.79;13.76;4.999;158.134;13.269000000000002;93.25299999999999;91.65000000000002;117.595;118.35499999999998;98.05699999999999;34.142999999999994;295.85100000000006;303.661;18.59899999999999;4.196;279.2279999999999;21340.451999999997;1020.9859999999999;87.14899999999999;11.539;469.662;17.47;0.010000000000000009;96.81900000000002;293.70399999999995;26.424999999999997;41.294999999999995;503.31399999999985;64.037;53.60600000000002;141.32599999999996;717.659;655.1;462.34700000000004;16.803000000000004;646.242;791.463;73.22400000000002;19.564999999999998;994.0720000000001;733301.4469999999;166642.417;104.048;21.490999999999996;311.166;36.765;5.525;203.821;902.3700000000001;181.072;445.462;5604.024;4.892;0.882;2.987;44.69;0;12.034;0.34;27.71;9.628;14.148;0.022;60.664;97947;14523;0.574;4.628;0;0.461;0.083;22.72;0;3.1;0;736.082;4.899;32.542;91.537;147.95;405.99;50.922;9.071;358.01;561.494;38.113;4.784;217.86;270000;65151.6;60.125;6.363;154.8;12.854;3.111;99.109;245.529;21.451;23.041;210.487;54.246;20.182000000000023;46.801999999999964;525.019;249.11;399.3910000000001;7.392000000000005;260.52199999999993;220.3409999999999;20.963000000000022;14.759;715.5480000000001;365354.4469999999;86967.81699999998;43.349000000000004;10.499999999999996;156.36599999999999;23.450000000000003;2.331;81.992;656.8410000000001;156.52100000000002;422.421;4657.455
2005Q4;95.67;175.204;294.975;879.686;910.183;625.854;69.397;1201.471;1561.021;213.976;44.381;1591.65;776591.23;180193.7;274.598;35.192;830.362;114.543;7.69;393.479;1431.293;226.061;573.493;7709.545;31.699;125.263;150.757;160.169;244.388;196.523;52.312;543.939;756.575;140.662;26.525;610.404;41823.901;12460.71;172.833;14.199;504.934;76.675;1.991;187.062;427.099;46.432;115.67;2052.901;18.039;14.064;23.924;16.403;29.7;68.862;6.812;157.237;360.504;15.183;15.389;38.757;15976.752;5519.128;50.527;1.341;24.869;11.216;0.363;17.247;66.837;6.126;68.068;1305.1;2.471;20.498;44.297;28.251;96.31;37.258;8.411;96.648;120.242;98.812;8.686;307.854;3415.071;3932.46;35.191;0.118;16.185;45.098;1.618;75.763;87.299;15.036;4.167;161.985;11.189;90.70100000000001;82.536;115.51500000000001;118.37800000000001;90.40299999999999;37.089;290.054;275.829;26.667000000000016;2.4499999999999993;263.79300000000006;22432.077999999998;3009.1219999999994;87.115;12.74;463.88000000000005;20.361000000000004;0.010000000000000009;94.05199999999999;272.96299999999997;25.270000000000003;43.435;585.8159999999999;63.971000000000004;49.941;144.21800000000002;719.517;665.795;429.331;17.085000000000008;657.532;804.4459999999999;73.314;17.856;981.2460000000001;734767.329;167732.99000000002;101.76500000000001;20.993000000000002;325.42799999999994;37.86800000000001;5.699;206.41699999999997;1004.194;179.62900000000002;457.82300000000004;5656.644;4.486;0.83;3.22;46.41;0;9.95;0.354;27.217;9.686;13.707;0.022;62.024;98917.5;5253.9;0.467;4.608;0;0.465;0.083;21.023;0;3.3;0;744.21;5.81;31.948;94.113;150.76;402.001;56.493;9.419;374.015;548.243;42.959;4.607;216.849;270950;65201.6;60.703;6.224;165.8;12.653;3.251;99.869;282.284;21.362;30.554;206.708;53.675000000000004;17.163000000000004;46.88500000000002;522.3470000000001;263.794;362.88800000000003;7.312000000000008;256.30000000000007;246.51699999999983;16.64799999999999;13.227000000000004;702.373;364899.829;97277.49000000002;40.59500000000001;10.161000000000001;159.62799999999993;24.750000000000007;2.3649999999999998;85.52499999999998;721.91;154.967;427.26900000000006;4705.726000000001
2006Q1;94.639;185.166;308.285;889.035;925.265;587.151;64.571;1211.122;1580.419;214.744;46.406;1643.01;776543.49;201337.17;275.419;33.203;853.575;115.297;7.867;393.984;1354.364;222.506;574.744;7868.964;29.649;134.425;160.118;163.936;250.118;176.17;47.613;545.822;774.073;137.807;26.639;663.22;41627.545;12651.958;172.754;12.845;527.9;76.387;2.178;189.65;388.692;51.756;121.44;2103.129;17.378;14.908;26.564;15.687;29.9;67.085;7.839;158.609;380.23;15.017;16.719;40.402;15445.561;5127.086;54.685;1.43;26.208;11.719;0.349;21.02;73.826;6.904;78.582;1331.9;2.55;20.448;43.502;29.803;106.898;37.149;7.807;98.498;110.664;98.888;9.897;318.908;2988.505;4133.633;31.973;0.112;16.692;36.583;1.817;78.556;74.271;14.004;4.238;163.68;9.721;99.06900000000002;90.05199999999999;118.446;113.32;71.93599999999999;31.967;288.715;283.179;23.901999999999987;0.02299999999999791;303.90999999999997;23193.478999999996;3391.2390000000005;86.09599999999999;11.303;485;28.085000000000008;0.01200000000000001;90.074;240.59499999999997;30.848000000000006;38.620000000000005;607.5489999999998;64.99;50.740999999999985;148.16700000000003;725.0989999999999;675.1469999999999;410.981;16.958;665.3000000000001;806.3460000000001;76.93700000000001;19.767;979.79;734915.945;188685.212;102.66499999999999;20.358000000000004;325.67500000000007;38.91;5.689;204.33399999999997;965.672;170.75;453.30400000000003;5765.835;7.419;0.837;3.247;44.75;0;9.173;0.36;27.233;9.699;13.623;0.022;62.977;93273.1;12086.2;0.297;4.96;0;0.469;0.082;20.229;0;3.1;0;758.529;5.668;32.517;97.335;163.32;389.997;22.173;9.375;377.219;542.171;41.475;5.018;209.73;276090;72880.7;58.567;3.835;151.2;12.551;3.206;92.67;262.353;20.851;17.632;197.12;51.903;17.38699999999998;47.58500000000002;517.029;285.1499999999999;379.635;7.222999999999999;260.8480000000001;254.4760000000001;21.839000000000013;14.727;707.083;365552.845;103718.31199999999;43.800999999999995;11.563000000000002;174.47500000000008;25.889999999999993;2.4010000000000002;91.43499999999996;703.319;146.799;435.672;4810.186000000001
2006Q2;95.197;193.804;303.188;878.412;941.678;596.39;68.98;1208.338;1592.812;219.515;46.595;1676.296;772037.14;213312.34;276.036;33.643;927.749;119.653;7.978;390.27;1340.776;218.987;597.446;7815.563;31.736;143.305;154.723;161.8;252.392;184.049;52.279;544.077;776.906;143.988;26.55;685.508;46548.457;13076.885;175.714;14.087;601.344;78.792;2.182;191.277;343.002;54.337;125.611;2060.85;19.828;15.472;28.969;16.971;32;65.131;8.868;157.955;393.851;15.039;17.478;40.974;15062.381;4834.63;58.002;1.397;27.241;11.964;0.252;24.484;76.984;6.839;84.277;1397.7;2.586;21.766;42.142;29.308;111.833;36.028;7.561;93.954;101.637;98.477;8.84;327.723;2864.98;4035.737;32.253;0.141;19.812;38.744;1.918;79.373;66.715;14.526;5.965;169.174;9.322000000000001;106.06700000000001;83.61200000000002;115.52100000000002;108.559;82.89000000000001;35.85;292.16799999999995;281.41799999999995;30.47200000000001;0.23199999999999932;316.811;28621.096;4206.518000000001;85.45899999999999;12.549;554.291;28.084000000000003;0.01200000000000001;87.41999999999997;199.30300000000003;32.97200000000001;35.369;493.9759999999999;63.461;50.498999999999995;148.46499999999997;716.6120000000001;689.2860000000001;412.341;16.701;664.261;815.906;75.52699999999999;20.044999999999998;990.788;725488.683;200235.455;100.322;19.556;326.405;40.861000000000004;5.795999999999999;198.993;997.7740000000001;164.64999999999998;471.83500000000004;5754.713;7.312;0.87;3.317;47.34;0;9.786;0.367;27.608;9.901;13.11;0.022;64.424;84902.7;10086.2;0.344;4.925;0;0.473;0.083;20.151;0;3.03;0;766.349;4.996;32.297;98.185;161.99;400.043;33.673;9.435;366.547;536.67;42.375;5.706;217.876;279200;77480.1;58.301;4.5;149.8;12.51;3.242;88.16;283.862;20.612;22.452;198.641;51.153;17.332;46.962999999999965;507.28200000000004;289.24300000000005;368.882;6.898999999999999;270.106;269.33500000000004;20.041999999999987;14.317;708.488;361385.983;112669.15499999997;41.67700000000001;10.131;176.60499999999996;27.878000000000007;2.470999999999999;90.68199999999999;713.912;141.00799999999998;449.38300000000004;4789.723
2006Q3;95.502;188.695;305.313;884.12;951.943;599.933;64.712;1220.495;1610.704;221.659;45.532;1679.001;770912.59;223380.53;273.409;32.588;1029.873;119.932;8.021;394.583;1358.911;215.444;606.328;7878.342;34.016;142.241;158.399;158.46;254.824;197.754;47.335;568.583;810.346;146.698;27.008;660.049;45631.072;12850.183;177.163;14.429;699.378;80.637;2.199;193.215;273.575;57.417;133.036;2109.667;20.571;16.235;31.532;17.743;34.3;65.418;9.783;158.408;409.596;15.807;19.224;41.635;15355.16;4569.853;61.578;1.227;30.136;11.772;0.243;27.91;79.51;7.621;85.137;1426;2.542;19.991;38.707;28.776;116.698;39.292;7.061;91.806;93.361;90.546;7.584;276.977;2701.306;6237.047;26.309;0.153;22.214;35.695;1.944;75.676;67.518;15.417;6.148;168.424;10.902999999999997;106.01500000000001;88.16;111.94100000000002;103.82600000000001;93.04399999999998;30.491;318.36899999999997;307.389;40.34500000000001;0.1999999999999993;341.437;27574.606;2043.2830000000022;89.27600000000001;13.049;647.028;33.169999999999995;0.01200000000000001;89.629;126.547;34.379;41.751000000000005;515.2429999999999;61.486;46.45399999999998;146.914;725.66;697.1189999999999;402.179;17.377000000000002;651.9119999999999;800.358;74.96099999999998;18.523999999999997;1018.952;725281.5179999999;210530.347;96.24599999999998;18.159;330.495;39.295;5.822000000000001;201.36800000000002;1085.336;158.027;473.292;5768.674999999999;8.552;0.861;3.293;47.59;0;10.908;0.518;28.995;9.949;13.115;0.022;65.167;80798.9;11542.1;0.477;4.987;0;0.476;0.082;20.303;0;2.95;0;768.915;5.154;31.291;94.67;163.4;393.599;31.362;9.644;358.943;514.962;40.616;4.533;356.217;282820;80931.1;57.494;2.397;151.7;12.561;3.269;87.409;300.91;21.097;21.769;184.746;47.78;14.301999999999982;48.95099999999998;514.67;303.5199999999999;359.90899999999993;7.215000000000002;263.97399999999993;275.447;21.229999999999983;13.968999999999998;597.568;361662.6179999999;118057.147;38.27499999999998;10.774999999999999;178.79500000000002;26.258000000000003;2.471000000000001;93.65600000000002;784.4259999999999;133.98;451.52299999999997;4815.013999999999
2006Q4;94.371;181.304;297.495;896.041;973.107;559.349;69.532;1207.313;1610.904;225.73;43.739;1657.403;770922.57;219155.53;264.472;29.599;1161.579;122.467;8.202;392.132;1366.719;211.955;619.114;7981.395;31.193;139.635;154.655;167.016;264.785;191.532;52.57;565.869;814.241;146.663;26.779;659.674;48919.338;14076.375;168.249;12.022;823.08;82.981;2.305;196.58;315.114;58.19;144.584;2188.785;21.702;17.291;34.679;20.544;36.7;63.968;11.037;161.584;431.684;16.273;19.952;44.672;17055.355;5414.439;66.201;1.099;31.828;12.445;0.241;32.034;89.678;8.586;90.683;1449;2.536;18.82;38.653;27.95;112.943;38.901;7.534;82.912;87.267;85.318;6.652;261.182;3050.638;4750.419;25.455;0.121;24.296;34.704;2.051;75.644;65.656;13.826;6.477;161.828;6.955;103.524;81.32300000000001;118.52199999999998;115.14200000000004;88.66300000000001;33.999;321.37300000000005;295.28999999999996;45.07200000000002;0.17499999999999805;353.81999999999994;28813.345000000005;3911.517;76.593;10.802;766.956;35.832;0.0129999999999999;88.90200000000002;159.77999999999997;35.778;47.42399999999999;577.9569999999999;63.178;41.66900000000001;142.84;729.0250000000001;708.3219999999999;367.817;16.961999999999996;641.4440000000001;796.663;79.06699999999998;16.959999999999997;997.729;722003.232;205079.155;96.22299999999998;17.576999999999998;338.4989999999999;39.486000000000004;5.897;195.552;1051.605;153.76500000000001;474.53000000000003;5792.610000000001;7.531;0.874;3.459;48.27;0;10.901;0.69;28.481;10.093;13.136;0.037;66.011;80596.4;7896.3;0.454;4.733;0;0.48;0.082;19.013;0;2.8;0;778.938;5.345;27.586;92.208;174.63;417.075;24.502;9.71;352.514;517.407;40.661;4.173;363.862;284990;80336.2;58.6;2.702;163;13.753;3.271;85.562;323.729;21.232;19.084;197.008;50.302;13.20900000000001;47.173;506.1250000000001;291.2469999999999;332.414;6.561999999999994;260.44900000000007;269.163;25.269999999999982;12.749999999999998;567.856;356416.83199999994;116846.65500000001;37.16899999999999;10.141999999999998;175.4989999999999;25.253000000000007;2.5440000000000005;90.97699999999999;727.876;129.733;455.446;4816.664000000001
2007Q1;92.995;194.673;307.996;905.663;981.971;552.834;66.05;1244.509;1613.974;231.675;45.165;1686.726;767031.88;227215.33;269.603;29.297;1118.347;120.867;9.021;398.734;1330.81;212.783;618.021;8130.356;30.084;152.58;170.81;167.934;275.1;203.755;48.404;586.174;804.889;155.892;27.292;649.217;51876.468;15426.28;173.639;12.76;805.197;83.568;3.397;201.388;333.767;52.825;145.115;2282.712;25.116;18.197;35.751;23.69;36.7;61.966;13.93;163.45;473.304;16.65;21.246;43.156;16272.246;5537.783;66.506;1.285;37.342;14.299;0.233;37.451;100.664;9.176;100.179;1466;2.932;31.142;45.493;26.46;110.496;39.61;6.98;90.327;76.173;88.961;5.891;263.724;2972.821;6858.954;28.146;0.132;28.924;32.057;2.922;80.591;74.549;13.337;5.652;123.253;2.036;103.24100000000001;89.566;117.78399999999999;127.90400000000004;102.17899999999999;27.494000000000003;332.397;255.41200000000003;50.28099999999999;0.1550000000000029;342.33700000000005;32631.401;3029.5429999999997;78.98700000000001;11.343;738.931;37.212;0.24199999999999955;83.34600000000002;158.554;30.312;39.284000000000006;693.459;62.911;42.09299999999999;137.18599999999998;737.729;706.871;349.07899999999995;17.645999999999994;658.335;809.0849999999999;75.78300000000002;17.872999999999998;1037.509;715155.412;211789.05;95.964;16.537;313.15;37.29900000000001;5.6240000000000006;197.34599999999998;997.0429999999999;159.95799999999997;472.90599999999995;5847.644;7.044;0.948;3.789;48.1;0;10.959;0.711;27.993;10.098;13.145;0.037;65.93;76445.7;8086.9;0.615;4.372;0;0.488;0.088;19.718;0;2.66;0;780.89;5.656;27.392;87.646;166.87;421.44;10.032;9.969;366.538;517.177;36.436;3.649;372.994;287550;85474.9;59.573;2.198;156;13.143;3.01;84.791;309.432;20.697;6.267;212.441;50.211000000000006;13.75299999999999;45.75099999999999;522.759;285.431;328.08799999999997;6.965999999999996;263.804;281.80999999999995;26.20200000000002;14.186999999999998;598.5849999999999;351159.71200000006;118227.25;35.776;9.966999999999999;157.14999999999998;23.668000000000006;2.5260000000000007;92.83699999999999;687.6109999999999;136.60099999999997;466.63899999999995;4854.313
2007Q2;95.899;203.676;307.882;886.38;1023.622;538.497;67.806;1277.565;1632.336;233.269;45.578;1701.398;768733.36;233243.05;274.766;29.821;1096.228;122.661;8.18;400.012;1291.459;209.52;639.495;8049.342;32.895;161.432;174.416;155.149;290.939;202.216;48.638;634.692;838.336;165.537;28.672;673.042;50949.129;16665.625;176.983;12.848;776.897;83.412;3.04;198.153;287.492;57.264;163.801;2265.525;26.329;19.03;36.942;23.735;38.4;60.206;16.752;165.085;510.15;16.77;22.517;42.765;18005.641;5486.184;66.419;1.381;43.127;13.027;0.23;42.454;102.601;9.054;112.068;1612.6;2.699;32.018;46.74;25.163;114.132;37.345;8.384;93.456;76.402;80.374;5.997;243.689;2615.935;6236.841;27.169;0.117;29.991;30.608;2.569;74.674;69.627;14.443;7.357;137.668;3.8670000000000027;110.38399999999999;90.73399999999998;106.25099999999999;138.407;104.66499999999999;23.502;376.15099999999995;251.78400000000005;68.393;0.15800000000000125;386.5880000000001;30327.552999999996;4942.5999999999985;83.39500000000001;11.35;703.7790000000001;39.777;0.2410000000000001;81.02499999999998;115.26400000000002;33.767;44.37599999999999;515.2570000000002;63.004;42.244;133.466;731.231;732.683;336.28099999999995;19.168;642.873;794;67.732;16.906000000000002;1028.3559999999998;717784.231;216577.425;97.78300000000002;16.973;319.331;39.248999999999995;5.14;201.859;1003.9670000000001;152.256;475.694;5783.816999999999;7.698;1.056;4.002;50.84;0;9.087;0.788;27.828;10.304;12.132;0.056;67.502;71147.7;10324.8;0.91;4.348;0;0.496;0.094;18.192;0;2.48;0;790.497;5.568;27.081;85.976;154.39;438.744;13.013;10.052;380.529;503.322;35.991;2.973;370.331;290620;87597.4;58.785;1.414;161.4;12.797;2.565;88.551;290.464;20.792;9.412;201.456;49.738;14.107000000000003;43.488;526.001;293.93899999999996;314.181;8.328;234.51600000000008;280.374;19.609;13.877000000000002;590.5229999999998;356016.5310000001;118655.225;38.08800000000002;11.211;157.931;25.955999999999992;2.4809999999999994;95.116;713.5030000000002;128.984;466.28200000000004;4791.863999999999
2007Q3;101.526;211.968;314.884;884.206;1003.559;539.315;63.619;1280.495;1612.995;234.171;53.525;1700.613;766115.19;230647.25;272.239;30.621;1161.845;124.529;7.988;391.3;1280.844;205.878;648.126;8168.711;34.575;167.777;180.599;147.973;280.763;202.453;44.654;610.306;831.492;172.634;36.499;688.418;59614.41;25812.285;177.347;14.445;839.762;86.602;3.039;191.711;319.328;56.918;164.211;2315.117;28.698;19.776;37.937;25.124;38.7;56.095;19.398;165.112;541.676;17.108;27.01;42.358;17016.274;5525.995;66.179;1.601;45.031;16.004;0.21;47.34;109.81;9.381;115.844;1607.7;2.846;32.758;46.983;24.033;126.167;41.339;6.113;89.833;73.133;80.706;9.245;241.537;2586.448;8350.58;25.149;0.118;38.646;31.527;2.347;69.521;73.647;14.121;5.733;134.265;3.0310000000000024;115.24299999999997;95.67899999999997;98.81600000000002;115.89599999999999;105.019;19.143000000000004;355.3610000000001;216.68299999999994;74.81999999999998;0.24400000000000155;404.523;40011.688;11935.710000000001;86.019;12.726;756.085;39.071;0.4820000000000002;74.85000000000001;135.87099999999998;33.416;42.63400000000002;573.1520000000002;66.951;44.191;134.28500000000003;736.233;722.796;336.8620000000001;18.964999999999996;670.1889999999999;781.5029999999999;61.537000000000006;17.025999999999996;1012.195;706500.7799999999;204834.965;94.89199999999997;16.176;322.0830000000001;37.92699999999999;4.949;199.589;961.5160000000001;148.95999999999998;483.91499999999996;5853.594;2.074;1.119;4.274;50.1;0;8.895;0.799;27.489;10.347;12.163;0.056;66.421;72767.3;8169.1;1.161;4.312;0;0.504;0.099;18.399;0;2.43;0;779.633;6.207;28.458;83.403;153.15;427.519;17.413;9.851;387.401;492.989;30.743;2.738;360.912;284590;79205.5;57.418;1.613;168.1;12.113;2.482;87.89;296.717;20.92;6.702;249.494;58.669999999999995;14.614000000000004;46.60800000000002;532.983;295.27700000000004;310.5540000000001;8.314999999999996;255.2989999999998;278.167;18.63100000000001;14.231999999999996;584.8620000000001;349143.47999999986;117460.36499999999;36.31299999999997;10.250999999999998;153.9830000000001;25.309999999999995;2.3679999999999994;93.3;664.7990000000001;125.60999999999997;477.21299999999997;4824.467000000001
2007Q4;101.98;185.73;300.064;890.993;1054.633;513.925;67.34;1268.859;1619.065;239.915;47.195;1677.725;766182.23;233924.3;266.545;31.035;1164.455;127.571;8.016;384.662;1298.322;201.843;666.88;8348.06;39.621;145.137;171.689;146.306;290.494;197.948;50.772;588.632;859.992;172.75;29.777;657.128;67729.635;34452.956;169.074;15.027;829.195;90.456;3.029;183.681;331.35;49.182;171.042;2426.886;26.503;20.718;38.744;22.856;38.7;53.403;22.034;163.727;565.945;17.178;23.558;39.633;19240.569;5673.101;65.506;1.765;50.655;16.708;0.203;51.65;119.224;9.217;121.118;1641.1;3.306;26.32;39.847;27.073;128.295;35.477;5.259;86.479;74.097;80.983;6.059;230.886;3328.392;15174.964;25.801;0.119;33.885;32.928;1.978;63.327;65.264;15.279;5.51;118.491;9.812000000000001;98.09899999999999;93.09799999999998;96.37700000000001;123.49900000000005;109.06800000000001;23.479;338.426;219.94999999999993;74.589;0.16000000000000103;386.60900000000004;45160.67399999999;13604.891;77.76700000000001;13.142999999999999;744.6550000000001;40.82000000000001;0.8480000000000001;68.70400000000001;146.86200000000002;24.686000000000003;44.41400000000001;667.2950000000001;62.359;40.59299999999999;128.37500000000003;744.687;764.139;315.977;16.568000000000005;680.227;759.0730000000001;67.16499999999999;17.418;1020.5969999999999;698452.595;199471.34399999998;97.471;16.008000000000003;335.2599999999999;37.114999999999995;4.987;200.98099999999997;966.9719999999999;152.661;495.83799999999997;5921.173999999999;1.004;1.102;4.584;49.68;0;3.773;0.828;29.589;10.494;12.174;0.091;63.768;70461.2;10635.5;1.478;4.242;0;0.512;0.105;18.292;0;2.27;0;754.612;6.81;27.257;77.186;163.29;445.933;16.963;10.174;383.591;482.076;36.452;1.685;376.094;280160;74245.7;56.602;2.035;178.7;11.805;2.544;93.196;302.529;19.929;16.041;304.736;54.545;12.233999999999991;46.60500000000002;531.7170000000001;318.206;295.24099999999993;5.566000000000006;267.0469999999999;266.50300000000004;18.538999999999994;15.641999999999998;580.7349999999999;347831.395;114590.14399999999;39.39100000000001;9.731000000000002;156.5599999999999;24.797999999999995;2.3379999999999996;89.49299999999997;664.4429999999999;130.462;479.79699999999997;4861.825999999999
2008Q1;101.759;192.286;314.287;898.045;1016.468;525.446;64.941;1311.092;1637.562;244.548;51.608;1726.516;766505.03;244225.64;275.484;30.811;1015.774;126.494;8.695;380.27;1230.708;201.003;661.926;8564.356;37.674;151.006;186.494;152.622;285.185;206.326;47.801;590.642;866.941;175.524;33.666;675.866;66667.576;37311.522;174.558;15.342;682.162;89.143;3.953;184.463;280.707;48.947;171.872;2579.265;32.507;25.184;40.359;30.596;35.9;53.746;19.666;167.155;541.649;16.441;22.977;41.738;19224.422;6180.206;71.753;1.93;56.166;15.044;0.184;53.931;116.307;8.611;130.063;1707.3;3.293;26.308;40.296;26.415;128.115;41.819;5.473;89.276;69.891;83.241;10.359;239.815;3461.587;18921.26;25.359;0.143;35.353;34.813;2.009;64.201;48.241;13.36;6.476;132.813;1.8740000000000014;99.51400000000001;105.839;95.61100000000002;121.16999999999999;110.76099999999998;22.662000000000003;334.21100000000007;255.401;75.842;0.3299999999999965;394.31299999999993;43981.567;12210.056;77.446;13.269;590.6430000000001;39.286;1.7599999999999998;66.33099999999999;116.15899999999998;26.976;35.33300000000003;739.1519999999999;64.08500000000001;41.28;127.79299999999998;745.423;731.2829999999999;319.12;17.14;720.45;770.6209999999999;69.024;17.942;1050.65;699837.454;206914.11800000002;100.92599999999999;15.469;333.61199999999997;37.351;4.742000000000001;195.807;950.0010000000001;152.05599999999998;490.05400000000003;5985.091;0.481;1.131;4.747;49.24;0;4.36;0.835;31.533;10.451;12.07;0.091;63.834;67390.7;9808.8;1.835;4.324;0;0.517;0.104;19.153;0;1.678;0;612.305;7.738;26.122;79.613;179.44;382.038;12.267;10.717;410.251;494.829;33.411;1.66;385.487;290830;77373.3;59.737;2.056;180.3;12.376;2.567;89.371;322.438;19.462;15.524;421.405;55.86600000000001;14.027000000000001;43.43299999999998;516.7429999999999;349.2449999999999;302.493;5.587999999999999;278.66600000000005;265.34099999999984;23.543;16.191;601.329;341616.7540000001;119732.01800000003;39.35399999999999;9.088999999999999;153.31199999999995;24.458;2.0710000000000006;87.283;627.5630000000001;130.916;474.53000000000003;4951.381
2008Q2;114.656;194.074;313.627;922.084;1080.267;517.16;66.119;1330.957;1673.211;249.692;60.022;1729.968;768272.44;248865.37;278.532;31.285;1001.739;130.178;8.147;390.638;1183.617;199.581;689.797;8541.495;36.366;146.559;194.434;159.432;332.002;202.176;47.555;570.578;886.884;180.705;42.68;711.235;71833.707;38181.762;181.001;15.813;662.564;91.716;3.7;183.981;294.567;44.95;188.61;2577.302;32.422;29.846;42.795;31.354;38.9;56.243;17.824;170.316;534.926;16.132;26.126;47.267;22499.58;6482.626;81.001;2.138;64.087;15.441;0.188;56.46;121.992;9.847;140.592;1910.9;3.172;25.431;38.949;26.752;122.023;30.839;5.889;89.371;79.284;80.341;14.624;248.34;2666.928;16978.83;24.514;0.139;30.103;36.394;2.275;63.529;51.099;12.151;7.499;126.903;0.7720000000000025;91.282;112.69000000000001;101.32599999999998;171.07900000000004;115.094;23.842;310.89099999999996;272.674;84.23200000000001;1.929999999999998;415.62799999999993;46667.19899999999;14720.306;75.486;13.536000000000001;568.374;39.88099999999999;1.237;63.99199999999998;121.476;22.952;40.519;539.499;78.29;47.515000000000015;119.19300000000001;762.6519999999999;748.2650000000001;314.984;18.564;760.3790000000001;786.327;68.987;17.342;1018.7330000000001;696438.733;210683.608;97.53099999999998;15.472;339.17500000000007;38.462;4.447;206.65699999999998;889.05;154.63099999999997;501.187;5964.193000000001;1.104;1.094;4.683;51.38;0;4.067;0.829;31.674;10.6;11.428;0.118;61.576;66064.2;10289.5;1.83;4.308;0;0.521;0.104;19.499;0;1.56;0;478.796;18.076;27.286;86.325;190.79;370.972;12.121;10.305;428.934;516.265;35.951;1.887;390.207;295120;78679.6;58.387;1.874;181.4;13.642;2.228;91.386;258.628;19.777;9.92;390.955;59.11000000000001;19.135000000000012;28.185000000000016;520.482;377.2930000000001;298.796;7.43;299.77100000000013;259.462;21.607999999999997;15.337;566.95;335254.53300000005;121714.508;37.31399999999998;9.29;157.77500000000006;24.299000000000003;2.1149999999999998;95.77199999999999;630.422;133.29399999999998;491.267;5094.442000000001
2008Q3;125.629;196.299;319.139;936.624;1086.104;477.165;59.673;1348.71;1668.645;256.238;71.278;1725.417;762172.35;238263.79;284.034;29.454;1094.796;131.424;8.177;403.722;1266.136;198.272;736.882;9104.797;36.097;149.264;213.397;158.611;345.038;192.669;41.76;580.868;904.086;191.251;52.061;700.169;76765.969;33001.432;189.478;14.077;747.553;94.482;3.739;194.812;294.524;45.572;213.686;2789.438;35.845;34.953;46.633;31.419;45.8;63.796;16.269;174.562;539.768;15.358;32.413;51.763;21882.692;7320.012;90.17;2.525;77.161;16.596;0.173;59.708;135.384;9.549;149.899;1981;0.202;26.774;44.957;29.249;147.87;32.581;6.201;88.073;85.939;82.016;9.776;250.557;2917.24;15161.932;20.504;0.116;27.593;34.9;2.226;66.169;61.646;12.075;6.703;131.595;0.05000000000000243;87.537;121.80699999999999;97.943;151.368;96.29200000000002;19.29;318.23300000000006;278.379;93.877;9.872000000000003;397.84899999999993;51966.037000000004;10519.488000000001;78.804;11.436;642.7990000000001;42.986;1.3399999999999999;68.93500000000002;97.49400000000001;23.948000000000004;57.084;676.8430000000001;89.53200000000001;47.035;105.74200000000002;778.013;741.066;284.496;17.913000000000004;767.842;764.559;64.987;19.217000000000006;1025.248;685406.3809999999;205262.358;94.55599999999998;15.377;347.24300000000005;36.94200000000001;4.438;208.90999999999997;971.612;152.7;523.1959999999999;6315.359;1.825;1.124;4.723;52.38;0;4.464;0.76;32.58;10.643;11.486;0.028;60.383;65563.8;10068.7;1.551;4.391;0;0.526;0.106;20.41;0;1.531;0;476.578;16.897;28.691;79.436;201.64;350.837;1.265;10.338;450.676;497.176;34.625;1.768;385.803;286050;73375;59.394;1.652;184.3;13.283;2.258;86.737;266.917;19.275;3.261;587.196;70.81;17.219999999999995;21.583000000000013;523.993;390.22900000000004;278.767;6.815000000000003;284.58599999999996;256.73999999999995;18.87599999999999;17.421000000000006;579.062;333792.5809999999;121818.658;33.61099999999998;9.334000000000001;162.94300000000004;23.133000000000003;2.074;101.76299999999998;704.6949999999999;131.89399999999998;519.935;5251.585000000001
2008Q4;139.455;202.915;327.683;1012.48;1136.774;643.16;67.435;1389.402;1687.442;264.775;79.621;1738.851;765795.46;264086.6;353.866;32.004;1233.543;135.209;8.263;440.621;1287.298;197.241;809.985;9758.877;38.261;159.52;191.069;171.943;320.045;255.577;49.902;626.377;898.749;195.027;57.142;675.772;62773.385;31249.127;251.327;14.816;843.339;98.005;3.692;207.317;335.292;22.466;220.081;3067.404;37.789;39.262;52.789;36.851;46.8;62.506;14.984;180.209;536.364;15.004;30.361;54.958;18091.428;7576.165;89.062;2.931;94.201;15.701;0.289;62.725;151.559;8.039;153.913;2138.3;0.379;25.022;41.262;32.239;141.257;37.13;5.895;85.506;90.775;84.085;9.604;242.022;2671.02;10383.513;35.554;0.095;34.16;31.629;2.294;64.416;44.877;11.956;12.032;135.392;0.0930000000000013;95.23600000000002;97.01799999999997;102.85300000000001;131.988;155.941;29.023;360.6619999999999;271.61;95.938;17.177000000000003;378.7920000000001;42010.937000000005;13289.448999999999;126.71099999999998;11.790000000000001;714.9780000000001;50.675;1.109;80.17600000000002;138.85599999999997;2.471000000000002;54.13599999999998;793.7119999999998;101.19400000000002;43.39499999999998;136.614;840.537;816.7289999999998;387.58299999999997;17.533;763.0250000000001;788.693;69.74799999999999;22.478999999999992;1063.0790000000002;703022.075;232837.47299999997;102.53899999999999;17.187999999999995;390.20399999999984;37.20400000000001;4.571;233.30399999999997;952.0060000000001;174.775;589.904;6691.473;1.016;1.169;4.891;40.99;0;3.411;0.826;30.84;10.809;11.56;0.497;62.066;63125.5;11248.1;1.775;4.82;0;0.53;0.107;20.342;0;1.45;0;475.921;17.431;27.76;80.039;284.51;429.701;14.649;10.596;452.692;501.708;36.635;3.446;400.517;309360;78013.4;62.086;3.121;221.2;14.263;2.4;115.619;290.066;18.183;28.984;693.304;82.74700000000001;14.465999999999983;51.68400000000001;515.037;387.0279999999998;369.52299999999997;6.111000000000001;279.49300000000005;276.176;21.55299999999999;18.53599999999999;600.4960000000001;330536.57499999995;143575.97299999997;38.67799999999998;9.246999999999995;169.00399999999985;22.41100000000001;2.0639999999999996;97.34299999999999;661.94;155.14200000000002;560.92;5522.248
2009Q1;149.703;212.254;345.956;1072.228;1146.395;668.465;75.054;1472.911;1717.521;281.548;89.538;1817.404;777131.34;290061.6;370.131;36.592;1141.767;139.633;9.448;473.71;1189.576;193.612;847.407;10252.947;35.562;163.952;209.572;191.59;312.041;267.592;56.826;634.365;935.298;198.412;61.413;720.956;63725.748;31153.858;267.918;15.81;669.241;100.817;3.929;208.341;287.001;18.95;238.234;3310.698;31.855;37.356;53.752;35.926;46.8;81.245;14.789;191.883;522.348;14.372;33.266;57.293;15422.602;7909.728;88.793;3.093;89.754;15.855;0.27;58.936;148.122;8.586;146.013;2248.2;3.103;23.518;50.197;31.007;138.45;56.488;6.892;91.419;98.823;88.758;14.159;259.315;2444.275;10177.011;35.149;0.12;26.932;36.497;2.644;62.013;52.173;8.589;12.653;168.976;0.603999999999997;103.078;105.62299999999999;124.65699999999998;126.791;129.85899999999998;35.144999999999996;351.063;314.12700000000007;95.28200000000002;13.987999999999998;404.348;45858.871;13067.119;143.976;12.597000000000001;552.555;48.46499999999999;1.0149999999999997;87.392;86.70599999999996;1.7749999999999986;79.568;893.522;114.141;48.30199999999999;136.38400000000001;880.638;834.354;400.87300000000005;18.228;838.546;782.223;83.136;28.125;1096.4479999999999;713405.592;258907.74199999997;102.21299999999997;20.781999999999996;472.52600000000007;38.81600000000002;5.519;265.36899999999997;902.575;174.662;609.173;6942.249;0.768;1.344;5.107;46.71;0;3.3;0.91;33.869;10.739;11.704;0.6;63.654;64265.5;25248.1;1.784;4.205;0;0.534;0.141;21.544;0;1.473;12.993;474.746;21.756;35.36;84.59;317.635;415.5;20.073;10.965;481.93;503.41;42.933;7.57;431.874;316010;89294.7;60.756;5.63;252.8;15.212;3.366;134.249;262.954;17.246;49.33;658.333;91.617;11.597999999999992;46.68700000000001;516.293;418.85400000000004;377.50000000000006;6.3530000000000015;322.747;268.0739999999999;28.498999999999988;19.955;600.9199999999998;333130.09199999995;144364.94199999998;39.67299999999996;10.947;219.72600000000006;23.070000000000018;2.012;109.57599999999996;639.6210000000001;155.94299999999998;546.8499999999999;5809.17
2009Q2;162.82;216.304;348.259;1102.857;1271.637;710.757;67.349;1561.746;1783.016;291.479;101.277;1829.546;796406.35;307389.4;361.16;39.652;1077.682;147.976;11.076;511.173;1251.483;190.654;895.083;10604.534;51.532;169.851;198.927;204.155;343.247;286.854;49.421;659.929;982.969;206.001;71.57;743.39;63524.299;34249.331;247.462;17.674;584.501;106.921;5.064;216.727;361.454;18.626;239.094;3428.811;38.417;36.846;58.223;36.306;51.2;96.076;15.29;221.512;533.789;13.601;31.592;62.944;17242.797;7317.526;92.798;2.949;93.308;17.084;0.279;59.915;159.317;7.587;147.125;2625.5;3.262;25.375;47.981;32.73;131.865;64.234;7.461;92.252;106.928;90.271;24.873;266.273;2496.985;10792.786;34.366;0.12;26.011;38.489;2.451;60.929;59.369;9.148;10.234;175.232;9.852999999999994;107.63;92.72300000000001;135.119;160.18200000000002;126.544;26.67;346.16499999999996;342.25200000000007;102.129;15.104999999999993;414.173;43784.517;16139.019;120.29799999999999;14.605;465.18199999999996;51.348000000000006;2.334;95.88300000000001;142.768;1.8910000000000018;81.735;628.0790000000002;111.288;46.453;149.33200000000002;898.702;928.3899999999999;423.90299999999996;17.928000000000004;901.8170000000001;800.047;85.47799999999998;29.707000000000008;1086.156;732882.051;273140.069;113.69800000000004;21.978;493.18100000000004;41.05499999999999;6.0120000000000005;294.446;890.029;172.028;655.989;7175.723;2.791;1.716;4.955;46.09;0;3.289;0.883;35.072;10.943;11.421;0.618;63.287;66053.1;33161.8;1.566;4.435;0;0.538;0.18;22.043;0;1.437;96.368;653.193;36.283;37.363;86.212;317.661;484.789;32.947;11.237;516.9;525.754;45.71;9.014;443.13;334220;90912.8;75.433;6.622;289.7;17.514;3.694;155.423;279.813;17.43;48.348;634.804;72.214;7.374000000000002;58.165000000000006;534.951;443.6009999999999;387.667;5.808000000000005;349.84500000000014;263.35;28.346999999999987;20.07500000000001;579.7389999999999;332608.951;149065.46900000004;36.69900000000003;10.921000000000003;203.48100000000005;23.002999999999997;2.138000000000001;116.98000000000002;610.216;153.16099999999997;511.2730000000001;5887.726
2009Q3;186.006;212.632;353.339;1127.007;1300.731;738.555;73.894;1601.408;1791.087;296.231;103.113;1865.427;802459.19;313375.9;360.691;41.467;1112.551;147.586;12.552;533.678;1287.407;187.641;948.5;11019.045;63.544;170.831;198.933;194.915;348.232;293.451;55.397;671.096;979.289;213.925;72.815;763.378;60592.983;37774.033;252.676;18.151;539.81;103.895;6.471;230.367;424.986;17.57;234.798;3543.418;46.403;34.786;60.372;44.456;53.1;111.779;15.424;242.008;525.65;12.318;28.41;65.198;17557.082;6805.239;94.456;2.928;90.962;18.015;0.279;58.874;162.146;7.057;155.48;2694.6;3.678;24.503;55.805;30.841;139.855;58.25;8.258;93.98;111.404;93.625;21.615;269.118;2310.409;11806.714;35.473;0.198;21.702;33.98;2.984;59.975;87.935;8.713;10.291;190.097;13.462999999999997;111.54199999999999;82.75599999999997;119.618;155.27700000000002;123.42200000000003;31.715;335.10799999999995;342.235;107.982;22.790000000000003;429.06200000000007;40725.492;19162.08;122.74699999999997;15.024999999999999;427.14599999999996;51.9;3.208;111.518;174.90500000000003;1.8000000000000007;69.02700000000002;658.7210000000002;122.462;41.801000000000016;154.406;932.0920000000001;952.499;445.1039999999999;18.497000000000007;930.3119999999999;811.798;82.30599999999998;30.298000000000002;1102.049;741866.2069999999;275601.867;108.01499999999999;23.316;572.741;43.69100000000002;6.0809999999999995;303.31100000000004;862.4209999999999;170.071;713.702;7475.627;2.133;1.824;5.027;45.75;0;3.178;0.895;34.599;11.016;11.672;0.807;64.764;68409;23969.6;1.646;3.456;0;0.542;0.203;22.569;0;1.307;151.775;769.16;33.953;38.092;86.854;313.329;502.317;41.81;11.42;542.846;532.152;39.858;9.573;447.756;341930;97257.1;62.97;9.645;365.2;20.721;3.835;159.828;287.811;18.404;56.314;630.123;86.376;1.8850000000000193;62.52500000000002;573.0130000000001;450.182;400.11599999999993;6.1820000000000075;352.86699999999985;268.63;30.77599999999999;19.918000000000003;589.5290000000001;331527.20699999994;154375.16700000002;43.39899999999999;10.215;207.541;22.428000000000015;2.0429999999999993;120.91400000000002;574.6099999999999;150.36;505.613;6076.344000000001
2009Q4;197.87;231.173;347.224;1154.954;1319.002;744.541;80.2;1627.182;1804.696;301.062;104.703;1839.486;813270.64;305920.5;355.057;43.218;1027.885;153.624;12.519;569.535;1369.295;184.879;1005.405;11397.29;71.158;175.875;193.349;207.658;394.471;277.821;61.343;672.992;976.879;223.988;74.282;750.805;58862.784;39921.061;248.516;17.545;439.528;108.972;6.427;245.987;359.699;18.649;245.344;3659.262;48.435;33.176;65.159;46.147;57.9;134.554;15.769;263.362;528.275;12.303;25.42;70.137;17133.412;9037.958;96.496;3.132;95.87;18.589;0.297;58.601;165.271;7.197;162.295;2700.1;3.826;24.567;46.119;31.429;141.697;65.193;8.308;93.589;104.04;97.169;22.449;249.946;2321.354;11424.932;36.699;0.104;16.124;35.556;2.81;66.783;78.447;11.188;10.129;185.959;18.897;118.132;82.071;130.082;194.87400000000002;78.07400000000003;37.266000000000005;316.04099999999994;344.564;114.516;26.412999999999993;430.72199999999987;39408.018000000004;19458.171000000002;115.32099999999998;14.309000000000003;327.534;54.827;3.32;120.603;115.98100000000002;0.2640000000000011;72.92;773.2030000000002;126.712;55.298;153.875;947.2959999999999;924.531;466.72;18.857;954.19;827.8169999999999;77.07400000000001;30.421000000000006;1088.681;754407.856;265999.439;106.54100000000003;25.673000000000002;588.357;44.652;6.0920000000000005;323.548;1009.596;166.23;760.0609999999999;7738.028;3.903;1.995;5.163;45.67;0;2.477;0.882;33.112;11.162;12.001;0.989;64.902;71990;12670.1;1.334;3.38;0;0.546;0.196;23.263;0;1.268;188.076;776.587;33.459;37.981;85.293;307.685;494.146;51.344;11.855;559.828;534.409;41.842;9.529;444.896;349190;92196.2;59.986;11.059;394.8;21.079;3.789;171.081;405.179;18.328;71.08;611.779;89.35;15.322000000000003;63.41899999999998;593.941;430.38499999999993;412.89900000000006;6.119999999999997;361.2500000000001;282.24599999999987;23.23100000000001;19.903000000000006;578.883;333227.856;161133.13900000002;45.221000000000025;11.234000000000004;193.55699999999996;23.027;2.1070000000000007;129.20400000000004;604.417;146.634;500.9049999999999;6349.662
2010Q1;214.904;233.802;363.995;1174.084;1353.408;792.02;83.731;1672.652;1824.334;311.473;124.315;1876.412;827039.17;352334.7;359.585;45.396;1030.556;159.671;13.545;586.851;1312.583;184.232;1102.32;11877.537;88.211;179.923;215.608;214.336;395.678;290.178;64.725;719.655;980.984;222.859;82.149;762.925;55003.585;45425.254;241.288;19.364;449.593;112.046;8.163;269.94;422.467;19.175;276.338;3862.509;56.284;38.039;65.158;52.937;60.1;132.266;18.686;291.096;558.254;11.326;23.36;69.42;18199.037;9570.16;103.093;3.246;98.576;20.043;0.317;58.465;175.265;7.514;178.238;2703.3;4.675;25.328;53.904;30.312;146.606;58.931;8.224;115.499;108.166;96.725;27.81;247.816;1899.667;14064.973;33.893;0.116;17.162;37.169;3.727;64.724;71.268;11.391;10.371;217.62;27.252;116.55600000000001;96.54599999999999;131.087;188.97199999999998;98.98100000000001;37.815;313.05999999999995;314.564;114.80800000000002;30.979000000000003;445.68899999999996;34904.880999999994;21790.121;104.30199999999999;16.002000000000002;333.8550000000001;54.83400000000002;4.119;146.75099999999998;175.934;0.27000000000000135;87.72900000000003;941.5889999999998;126.693;53.87899999999999;148.387;959.748;957.7299999999999;501.842;19.006;952.9970000000001;843.35;88.614;42.166;1113.487;772035.5850000001;306909.446;118.29699999999997;26.032;580.963;47.624999999999986;5.382;316.911;890.1160000000001;165.057;825.982;8015.028;5.033;1.914;5.347;49.01;0;2.062;0.846;32.415;11.12;12.318;1.143;65.731;73066.1;27291.6;1.047;3.455;0;0.561;0.177;24.456;0;1.26;198.275;776.705;33.473;40.38;84.91;303.889;520.033;47.081;13.01;563.27;519.415;48.557;20.211;468.359;363420;105866.1;72.412;11.353;384.4;23.211;3.207;170.892;369.811;17.347;75.148;643.207;88.187;11.584999999999987;58.129999999999995;606.849;437.6969999999999;452.69899999999996;5.15;357.3120000000001;312.81500000000005;27.739000000000004;20.811999999999998;579.3970000000002;335549.4850000001;173751.746;44.837999999999965;11.223999999999998;196.563;23.852999999999987;1.9980000000000002;121.56299999999999;520.3050000000001;146.45;552.559;6595.116
2010Q2;229.823;243.545;369.232;1200.435;1380.654;842.214;88.437;1730.926;1865.708;315.853;123.725;1900.771;841936.72;362164.4;372.655;47.031;1078.2;166.864;13.561;609.032;1311.127;183.72;1141.601;12236.053;100.52;190.527;232.629;247.535;397.533;302.706;71.408;768.443;995.911;226.029;78.938;743.386;59902.317;50720.405;242.903;20.624;508.045;106.231;8.053;253.529;363.925;18.47;302.132;3986.932;64.214;43.511;67.433;59.969;60.7;134.401;22;321.776;596.457;62.555;34.006;71.24;18575.523;10793.733;108.606;3.389;106.677;36.123;0.347;57.161;178.084;6.875;173.779;3071.4;5.437;27.032;54.676;32.313;139.11;59.58;7.782;104.072;111.745;77.442;22.799;228.946;1887.325;15596.262;35.668;0.117;19.812;27.759;3.913;65.804;76.353;11.327;10.467;244.481;30.868999999999996;119.984;110.51999999999997;155.253;197.723;108.72500000000001;41.626000000000005;342.59499999999997;287.70899999999995;86.032;22.133000000000003;443.19999999999993;39439.469000000005;24330.409999999996;98.62899999999999;17.118;381.556;42.349000000000004;3.7930000000000015;130.564;109.48800000000001;0.2679999999999989;117.88600000000001;671.0509999999997;129.303;53.018;136.60300000000004;952.9;983.121;539.508;17.028999999999996;962.483;869.7970000000001;89.82400000000001;44.78699999999999;1157.385;782034.4029999999;311443.995;129.75199999999998;26.407;570.155;60.63300000000001;5.507999999999999;355.50300000000004;947.202;165.25;839.469;8249.121;4.869;2.037;5.814;53.16;0;2.127;0.824;31.507;11.275;14.354;1.829;67.239;74840.6;27340.5;0.953;3.457;0;1.118;0.179;24.003;0;1.204;198.275;776.989;35.519;42.714;89.426;304.325;548.801;25.849;13.904;572.376;513.138;53.687;23.154;496.081;368390;101812.8;73.93;12.542;371;31.585;3.469;183.91;377.204;17.313;89.804;618.446;88.91499999999999;8.267000000000003;41.36300000000004;595.415;434.31999999999994;511.5320000000001;2.300999999999995;358.6;345.3840000000001;21.783000000000015;19.80399999999999;594.0649999999999;338803.80299999996;182290.695;54.86899999999997;10.408;199.15499999999997;27.930000000000007;1.859999999999999;147.59000000000006;569.998;146.733;551.3900000000001;6853.686
2010Q3;244.952;245.742;368.896;1224.829;1510.922;851.087;89.197;1710.061;1891.87;328.594;139.244;1921.134;845318.47;373572.2;374.439;49.183;1081.138;174.521;13.725;620.541;1302.831;183.124;1198.325;12639.959;113.555;187.509;204.762;260.051;458.274;308.008;70.256;777.041;1021.011;235.432;84.28;757.191;65851.651;55928.993;237.754;23.278;516.085;113.209;8.063;279.596;401.825;19.261;323.649;4241.06;68.55;44.016;63.156;69.215;62.4;117.751;23.303;334.425;574.367;76.071;32.931;64.45;20354.032;11304.809;107.644;3.419;100.98;37.96;0.355;53.143;174.815;6.55;166.731;3192.7;5.164;27.641;58.657;29.488;157.013;48.442;8.195;108.888;112.538;72.722;21.076;211.942;2099.964;17446.245;37.71;0.1;18.621;27.299;3.916;62.933;75.135;12.416;10.898;275.57;39.84100000000001;115.852;82.949;161.34799999999998;238.86100000000002;141.81499999999997;38.758;333.72800000000007;334.106;86.639;30.273000000000003;480.799;43397.655;27177.939000000002;92.39999999999998;19.758999999999997;396.48400000000004;47.949999999999996;3.7920000000000003;163.52;151.875;0.29499999999999815;146.02;772.7900000000006;131.397;58.233000000000004;164.13400000000001;964.778;1052.6480000000001;543.079;18.941000000000003;933.0199999999999;870.8589999999999;93.162;54.964;1163.943;779466.819;317643.207;136.68500000000003;25.905;565.0529999999999;61.31199999999998;5.661999999999999;340.94500000000005;901.0059999999999;163.863;874.676;8398.899000000001;5.267;2.162;6.137;57.64;0;1.622;0.782;31.655;11.313;14.664;2.196;68.767;76668.7;19075.5;1.321;3.537;0;1.275;0.178;25.406;0;1.189;198.275;811.669;35.059;43.696;94.285;311.098;613.658;37.086;15.098;561.275;485.339;56.864;33.902;492.359;368080;103400.9;76.598;12.24;360.5;31.187;3.802;180.767;386.816;17.889;92.799;621.328;91.071;12.375000000000007;63.71200000000002;596.04;438.9900000000001;504.371;3.0610000000000017;340.0899999999999;374.20699999999994;21.634000000000007;18.866;602.817;334718.11900000006;195166.807;58.766000000000034;10.128000000000002;204.55299999999988;28.849999999999984;1.681999999999999;134.77200000000005;514.1899999999998;144.785;583.6020000000001;6965.902000000002
2010Q4;255.388;245.985;364.132;1244.007;1480.097;836.167;94.286;1722.172;2119.242;330.57;144.23;1921.1;863420.39;361300.3;379.043;52.327;1108.379;179.653;13.918;649.153;1370.64;182.414;1220.252;13109.307;123.528;185.271;196.752;262.584;454.746;279.232;70.829;746.379;1119.653;227.87;79.616;733.457;64639.248;57466.73;240.206;26.487;540.333;109.853;7.936;277.705;393.426;18.347;333.408;4355.57;72.59;47.454;63.192;73.506;67.2;113.44;25.654;349.271;587.664;84.177;33.521;64.779;21625.782;11970.999;113.234;3.374;103.839;38.465;0.392;50.428;178.32;8.199;174.119;3189.3;5.282;24.192;51.719;27.763;126.182;40.448;7.207;100.673;117.241;64.834;17.385;177.601;1945.817;14707.856;32.938;0.106;21.87;26.456;4.082;62.252;58.678;9.913;8.554;269.369;45.656000000000006;113.62499999999997;81.84100000000001;161.315;261.364;125.34400000000002;37.967999999999996;296.435;414.74800000000005;78.85899999999998;28.709999999999997;491.077;41067.649;30787.875;94.03399999999999;23.006999999999998;414.62399999999997;44.93199999999999;3.4619999999999997;165.02499999999998;156.428;0.2350000000000012;150.735;896.9009999999995;131.86;60.71400000000003;167.38;981.423;1025.351;556.935;23.457000000000008;975.793;999.5890000000002;102.69999999999999;64.61399999999999;1187.643;798781.142;303833.57;138.83700000000002;25.84;568.0459999999999;69.8;5.981999999999999;371.44800000000004;977.2140000000002;164.06699999999998;886.8439999999999;8753.737000000001;8.469;2.302;6.319;58.46;0;0.997;0.719;36.425;11.491;15.188;2.504;70.092;76738.2;13639.5;1.289;3.706;0;1.743;0.177;26.106;0;1.223;198.275;1016.102;30.316;44.049;92.237;319.412;582.695;13.793;16.754;562.348;673.192;63.048;43.415;504.305;380770;98685.2;78.52;15.902;363.5;38.606;3.924;183.213;380.268;19.806;101.157;680.182;93.07500000000002;14.363000000000028;68.82400000000001;603.5509999999999;442.65600000000006;542.145;5.984000000000005;377.0200000000001;314.9060000000002;24.463999999999984;18.694999999999993;613.2459999999999;341272.94200000004;191508.87;59.028000000000034;6.232000000000001;204.54599999999994;29.451;1.8809999999999998;162.12900000000005;596.9460000000001;143.03799999999995;587.4119999999999;7057.453000000001
2011Q1;273.961;249.003;381.224;1262.625;1512.954;883.001;93.409;1766.82;2123.527;342.265;155.835;1943.974;867350.02;386797.5;383.083;59.467;1123.96;181.527;16.766;691.086;1308.509;182.127;1240.638;13349.314;129.289;182.613;184.967;269.037;445.904;311.063;67.671;755.291;1132.909;243.256;94.214;755.469;70435.274;60021.976;236.597;29.872;567.203;110.796;10.997;282.208;312.053;21.756;331.078;4580.526;79.15;48.169;60.428;80.235;66.8;119.492;24.543;368.401;575.207;106.53;52.86;61.49;23019.503;13555.331;119.575;3.643;103.078;40.118;0.403;48.914;162.613;7.743;185.954;3183.3;5.292;24.189;55.04;27.742;129.928;32.65;8.98;102.878;118.142;67.214;14.565;177.217;1634.424;15457.492;36.479;0.12;21.617;26.471;5.579;62.194;57.803;13.689;8.643;285.428;44.84699999999998;110.25500000000002;69.49900000000002;161.05999999999997;249.176;158.92099999999996;34.14800000000001;284.01200000000006;439.5600000000001;69.512;26.789;516.7620000000001;45781.34700000001;31009.153000000006;80.543;26.108999999999998;442.508;44.206999999999994;5.015;171.10000000000002;91.637;0.32399999999999984;136.48099999999997;1111.7979999999998;144.67200000000003;66.38999999999999;196.25699999999998;993.588;1067.05;571.938;25.738;1011.5289999999999;990.6179999999999;99.00899999999999;61.62100000000001;1188.5049999999999;796914.746;326775.524;146.48600000000002;29.595;556.7570000000001;70.73099999999998;5.768999999999998;408.878;996.456;160.371;909.56;8768.788;4.658;2.4;6.51;56.73;0;1.014;0.719;36.492;11.466;15.264;2.496;71.051;77299.2;24912.1;1.67;3.776;0;1.903;0.143;27.574;0;1.213;198.275;1333.445;36.525;43.458;100.139;314.916;640.788;17.658;16.498;540.291;674.397;58.8;39.75;487.686;386880;101228.6;77.203;15.962;343.3;39.022;4.061;190.26;444.188;19.157;115.066;674.248;103.48900000000003;20.53199999999999;89.60799999999999;621.942;426.26199999999994;553.266;8.520999999999997;434.74599999999987;304.7549999999999;24.944999999999993;19.375000000000007;629.768;332735.5460000001;200634.824;67.61300000000003;9.857;213.45700000000005;29.805999999999976;1.5649999999999986;191.04399999999998;552.268;140.001;596.2189999999999;6761.095000000001
2011Q2;294.588;251.625;380.304;1297.987;1522.434;915.231;93.844;1811.73;2135.62;342.057;158.671;1978.078;883369.7;394486.8;391.178;66.448;1107.996;201.215;16.254;710.84;1333.004;181.812;1298.749;13450.291;134.285;186.163;175.927;282.657;464.762;316.703;66.101;832.204;1164.669;230.772;97.248;759.5;75842.791;65431.398;241.166;33.575;555.983;122.562;11.001;277.261;327.057;23.853;347.156;4633.185;80.231;50.434;60.247;85.883;67.2;129.659;24.167;400.79;581.941;102.978;56.17;59.995;23790.68;14975.42;125.072;3.557;104.541;61.546;0.431;48.735;171.137;7.519;191.89;3514.6;4.486;25.079;59.632;27.279;135.165;37.951;9.63;119.939;110.229;54.807;15.091;179.735;1856.951;15312.767;38.332;0.138;18.389;23.822;5.35;60.561;59.478;15.956;8.784;269.053;49.568000000000005;110.65;56.047999999999995;169.495;262.39700000000005;149.093;32.303999999999995;311.4749999999999;472.4990000000001;72.987;25.987000000000002;519.77;50195.159999999996;35143.211;77.762;29.880000000000003;433.05299999999994;37.194;5.220000000000001;167.965;96.44200000000001;0.37800000000000367;146.48200000000003;849.5320000000005;160.30300000000003;65.46199999999999;204.37699999999998;1015.3300000000002;1057.672;598.528;27.742999999999995;979.5260000000001;970.9509999999998;111.28500000000003;61.42299999999999;1218.578;807526.909;329055.402;150.012;32.87299999999999;552.0130000000001;78.653;5.253000000000002;433.579;1005.9469999999999;157.959;951.5930000000001;8817.106;4.551;2.259;6.742;59.66;0;1.701;0.719;34.437;11.673;15.02;2.489;72.739;80221.6;16484.9;1.566;3.768;0;1.885;0.125;27.958;0;1.19;198.275;1617.06;39.459;44.257;101.68;317.293;636.08;36.343;18.162;536.298;655.702;62.48;38.663;505.119;389250;101039.8;78.723;14.725;344.3;47.391;4.058;202.338;421.359;19.726;139.866;633.541;116.29300000000003;18.94599999999999;95.95499999999998;638.3770000000002;421.592;560.484;8.861999999999995;408.79100000000005;303.5759999999998;33.78500000000003;20.270999999999994;640.7199999999999;338055.309;211530.702;69.723;14.37999999999999;207.71300000000014;29.377000000000002;1.070000000000002;203.283;584.588;137.043;613.4520000000001;6566.505
2011Q3;312.671;253.177;386.236;1326.112;1566.715;969.899;98.361;1806.844;2151.381;348.354;187.894;1960.179;892790.94;400457.4;396.899;71.667;1051.731;207.058;16.263;713.895;1319.324;181.475;1322.584;13857.337;151.485;195.082;188.237;310.539;475.069;382.017;72.601;876.723;1186.776;251.739;98.644;720.862;84175.455;68824.533;240.332;35.839;532.734;128.902;10.948;284.941;363.161;28.023;359.936;4802.934;85.985;53.005;59.554;94.118;69.5;148.058;23.833;423.788;588.529;114.888;58.998;115.278;22469.69;17995.497;127.442;3.924;112.419;73.106;0.423;69.515;185.579;20.107;179.612;3619.5;5.445;24.959;57.695;27.963;146.089;60.245;12.049;103.883;113.837;55.267;12.887;147.615;2661.546;15971.48;38.526;0.159;18.999;21.256;5.167;58.344;61.254;7.733;11.326;273.242;60.055000000000014;117.118;70.988;188.458;259.48;173.714;36.719;349.05199999999996;484.4100000000001;81.584;26.759000000000007;457.96899999999994;59044.219;34857.556;74.364;31.756;401.31600000000003;34.53999999999999;5.3580000000000005;157.082;116.328;0.18300000000000072;168.998;910.1920000000002;161.18599999999998;58.095;197.999;1015.5730000000001;1091.646;587.8820000000001;25.760000000000005;930.1210000000001;964.6049999999998;96.61499999999998;89.25;1239.317;808615.485;331632.867;156.567;35.828;518.997;78.156;5.315000000000001;428.954;956.163;153.452;962.6480000000001;9054.402999999998;4.536;2.331;7.065;60.58;0;1.028;0.719;36.1;11.681;14.966;2.601;85.893;84367.1;14415.1;1.738;5.605;0;2.059;0.131;32.634;0;1.202;198.275;1664.655;44.606;44.173;102.669;320.371;672.933;41.447;19.33;541.715;642.17;58.002;42.544;520.095;386150;96543.7;77.976;13.983;319;47.55;4.265;188.404;452.049;19.843;143.252;675.968;112.04399999999998;11.590999999999994;88.265;634.6220000000001;418.71299999999997;545.407;5.711000000000006;352.30600000000004;310.7539999999998;23.646999999999984;44.105000000000004;633.329;338098.385;220674.06700000004;76.85300000000001;16.240000000000002;199.99699999999996;28.54700000000001;0.9190000000000014;207.916;504.11400000000003;132.407;621.1210000000001;6713.779999999999
2011Q4;327.225;256.876;389.107;1336.885;1613.65;924.011;102.829;1830.136;2155.876;356.235;189.727;1974.013;910512.03;408061.1;401.579;70.758;810.594;201.044;17.22;743.043;1395.605;181.288;1353.765;14243.031;167.797;192.996;180.429;321.157;489.918;344.163;76.096;837.657;1220.442;263.25;102.683;691.298;85217.867;69011.05;237.6;33.91;278.655;130.106;9.562;267.085;425.831;22.758;378.296;4883.984;92.509;54.65;58.516;103.499;71.3;160.287;22.956;432.521;580.956;125.035;66.61;146.291;22345.235;18938.128;129.58;3.996;115.774;78.856;0.439;81.127;194.67;5.192;172.133;3620.6;5.544;26.35;52.242;24.835;168.913;42.585;12.139;96.36;115.618;46.757;11.974;135.403;2987.11;15174.319;35.556;0.152;9.908;20.22;4.672;47.838;49.225;10.524;11.39;277.166;69.744;111.99600000000001;69.67100000000002;192.82299999999998;249.70499999999998;141.291;41.001000000000005;308.776;523.8679999999999;91.458;24.099000000000007;409.60400000000004;59885.522;34898.603;72.46399999999998;29.761999999999997;152.97299999999998;31.03;4.451;138.11999999999998;181.93600000000004;7.042;194.77299999999997;986.2180000000005;159.42800000000003;63.87999999999997;208.67800000000003;1015.7280000000001;1123.732;579.848;26.73299999999999;992.4789999999999;935.4340000000002;92.98500000000001;87.044;1282.715;825294.1630000001;339050.05;163.979;36.848;531.9390000000001;70.93800000000002;7.6579999999999995;475.958;969.774;158.53;975.469;9359.047;11.376;2.73;7.437;62.1;0;0.475;0.719;39.661;11.785;15.112;2.563;93.916;90196.4;14404.5;1.855;3.177;0;2.13;0.161;35.313;0;1.256;249.272;1672.092;35.78;46.131;105.518;254.374;676.305;22.392;20.095;558.628;618.133;59.141;42.716;517.268;399230;90939.6;78.747;17.38;322.9;41.612;5.39;213.616;405.149;18.621;132.851;749.765;112.27200000000002;15.01899999999997;95.72300000000001;699.254;447.427;556.9809999999999;5.91899999999999;394.18999999999994;305.5160000000002;18.73200000000002;41.76499999999999;671.531;335867.76300000004;233705.94999999998;83.37700000000002;16.291;209.0390000000001;27.19600000000002;2.107;227.02900000000002;564.625;138.653;593.3460000000001;6937.19
2012Q1;340.169;261.102;404.786;1348.24;1716.204;900.37;104.698;1886.815;2187.193;281.499;194.274;2022.083;921987.7;436622.5;407.271;70.758;879.286;206.715;17.295;781.571;1366.871;183.165;1374.122;14626.868;180.576;193.426;221.645;319.603;532.058;305.517;76.604;905.747;1231.643;222.78;108.314;640.391;83278.987;70656.697;231.23;35.666;331.225;126.795;9.8;209.051;395.572;24.165;380.334;4870.201;94.504;52.197;50.266;105.646;71;161.498;22.658;430.214;597.362;161.074;75.462;140.782;25802.143;20742.351;127.532;4.011;112.142;81.911;0.701;81.22;188.326;15.623;182.214;3722.6;4.964;29.038;51.421;25.717;137.09;33.731;13.767;107.646;89.726;24.662;11.514;138.29;2806.583;13500.927;50.027;0.145;12.078;18.847;4.064;46.181;44.467;5.117;10.67;295.814;81.10799999999999;112.19099999999999;119.95800000000003;188.24;323.96799999999996;110.28800000000001;40.179;367.88699999999994;544.5550000000001;37.04399999999999;21.33799999999999;361.31899999999996;54670.261;36413.41900000001;53.67099999999999;31.509999999999998;207.00500000000002;26.037;5.035;81.64999999999999;162.779;3.425;187.45000000000002;851.787;159.593;67.67599999999999;183.141;1028.637;1184.146;594.8530000000001;28.093999999999994;981.0680000000001;955.5500000000002;58.71900000000002;85.96000000000001;1381.692;838708.713;365965.803;176.04100000000003;35.092;548.0609999999999;79.92;7.495000000000001;572.52;971.2990000000001;159;993.788;9756.667000000001;11.317;2.994;7.717;65.45;0;0.481;0.683;46.029;11.747;14.427;2.451;96.58;87247.1;30220.4;2.343;3.16;0;2.136;0.239;36.049;0.747;1.231;303.27;1664.911;31.142;46.334;106.231;251.831;737.826;34.289;20.52;566.222;634.527;34.795;44.384;589.857;415010;101663.1;89.302;16.562;329.9;50.034;5.805;261.74;424.721;18.878;122.58;826.524;117.13399999999999;18.347999999999985;69.19299999999998;711.3559999999999;446.31999999999994;560.0830000000001;6.890999999999995;368.8170000000001;309.2760000000002;9.497000000000021;39.125000000000014;695.2550000000001;336451.613;234082.30299999999;84.39600000000003;15.369999999999997;218.16099999999994;27.750000000000007;1.4510000000000014;274.731;545.8310000000001;138.89100000000002;567.938;7265.232000000001
2012Q2;362.1;265.899;410.818;1381.622;1741.311;929.354;112.013;1922.56;2233.428;301.787;199.756;2050.71;935980.9;451425.5;417.361;74.582;857.592;212.482;17.601;810.956;1379.211;184.827;1382.839;14836.889;179.484;201.596;208.985;347.346;532.018;349.431;84.186;921.662;1265.843;244.325;113.289;628.69;87816.576;66560.876;239.194;38.293;300.815;134.189;9.699;230.92;432.229;27.469;384.578;5087.73;93.384;53.973;49.081;108.475;69.8;177.962;24.169;449.226;661.524;196.835;80.5;145.711;25676.408;22866.114;131.272;4.365;121.491;97.988;1.015;84.152;201.565;16.715;178.218;3857.9;5.078;30.221;55.126;25.596;136.837;42.355;14.981;113.042;91.858;23.438;11.189;144.598;3444.603;11974.149;64.197;0.145;9.768;18.129;4.261;44.5;53.071;6.443;12.666;298.824;81.022;117.40199999999999;104.77799999999999;213.275;325.38100000000003;129.114;45.03600000000001;359.394;512.461;24.051999999999982;21.6;338.38100000000003;58695.565;31720.613000000005;43.724999999999994;33.782999999999994;169.556;18.071999999999992;4.422999999999999;102.26799999999997;177.593;4.311000000000002;193.694;931.0059999999994;182.616;64.303;201.83299999999997;1034.276;1209.293;579.923;27.826999999999998;1000.8979999999999;967.5849999999998;57.46199999999999;86.467;1422.02;848164.324;384864.624;178.167;36.288999999999994;556.777;78.293;7.901999999999999;580.0360000000001;946.982;157.358;998.261;9749.159;10.328;3.154;7.93;70.32;0;0.387;0.689;52.769;11.928;13.237;2.454;98.258;94273.6;28650;2.74;3.193;0;2.043;0.26;35.118;1.495;1.255;324.753;1666.53;30.967;45.995;109.147;256.706;752.388;20.747;21.097;568.579;643.287;26.883;45.574;615.998;410040;102981.8;90.265;17.803;347.1;48.385;5.719;275.734;383.903;18.856;123.304;787.088;141.32100000000003;15.154000000000003;84.75599999999996;707.2500000000001;456.90499999999986;558.7890000000001;6.040999999999997;379.54999999999995;312.3699999999998;17.341999999999988;38.43900000000001;707.7639999999999;343850.72400000005;253232.82400000002;85.16199999999999;15.292999999999996;209.67700000000002;27.865000000000002;1.9229999999999992;269.184;561.584;137.247;550.2040000000001;7295.541
2012Q3;377.627;262.298;409.816;1411.519;1799.427;951.003;110.986;1902.116;2228.223;301.208;210.431;2064.832;942160.94;459893.5;423.367;75.037;881.245;215.234;17.5;823.547;1382.343;186.345;1414.144;15065.672;180.107;197.107;200.936;357.322;537.231;379.947;82.373;919.779;1249.439;241.941;121.738;642.705;91860.764;69420.763;242.216;38.582;310.945;137.177;9.188;260.21;436.723;27.596;391.381;5273.407;100.997;49.758;42.541;116.471;68.5;183.761;23.046;425.438;660.476;195.433;82.551;139.875;27759.247;24394.327;122.077;4.39;119.894;100.984;1.08;77.467;196.516;21.495;189.744;3958.1;4.701;29.961;53.896;26.238;129.509;43.946;15.83;114.97;96.279;24.511;11.079;143.425;3088.321;11320.938;42.158;0.134;9.66;18.256;4.066;45.753;54.508;3.655;12.58;312.495;74.409;117.38799999999999;104.49900000000001;214.613;339.222;152.24;43.49700000000001;379.371;492.6840000000001;21.99700000000001;28.107999999999997;359.40500000000003;61013.195999999996;33705.498;77.98100000000001;34.058;181.391;17.936999999999998;4.042000000000001;136.99;185.699;2.4459999999999993;189.05699999999996;1002.8120000000002;197.52;65.191;208.87999999999997;1054.1970000000001;1262.196;571.056;28.613;982.337;978.7839999999999;59.267000000000024;88.69300000000001;1422.127;850300.176;390472.73699999996;181.151;36.455000000000005;570.3;78.05700000000002;8.312;563.337;945.6200000000001;158.749;1022.763;9792.265;16.529;3.025;8.086;72.53;0;0.392;0.576;49.726;11.964;13.178;2.461;99.837;102859.3;22501.2;2.078;5.63;0;2.054;0.261;37.484;2.242;1.292;359.75;1648.403;43.512;46.012;109.944;250.662;776.959;9.704;21.653;569.844;660.022;29.635;46.849;624.746;402860;103114.6;90.505;16.09;343.4;48.629;5.691;260.483;393.525;18.872;113.491;844.352;137.479;16.154000000000003;90.84999999999995;731.0050000000001;485.23699999999997;560.96;6.384;362.76699999999994;306.7979999999998;16.454000000000025;39.38300000000002;697.544;344580.87599999993;264856.9369999999;88.56800000000001;14.735000000000007;226.89999999999998;27.374000000000017;2.3600000000000003;265.36999999999995;549.8530000000002;138.58499999999998;549.522;7299.509999999999
2012Q4;381.15;262.565;404.752;1427.99;1805.307;922.073;115.931;1915.835;2234.803;305.085;210.026;2055.338;950146.14;459960.7;432.723;79.069;892.884;216.747;19.431;927.813;1415.032;188.025;1447.791;15409.728;182.97;199.025;187.177;370.606;536.495;343.495;86.257;917.593;1274.998;253.545;123.166;654.271;88724.909;65143.124;243.129;41.585;305.21;141.294;11.364;333.625;479.006;30.828;408.743;5383.369;109.452;47.059;37.78;124.24;82.572;185.904;22.736;413.135;681.121;227.682;83.337;136.039;30186.182;25378.075;115.851;4.675;120.385;103.43;1.321;68.308;202.866;15.002;196.342;4032.8;4.343;30.03;53.163;25.885;140.322;34.138;12.698;122.258;101.307;23.627;10.965;149.027;2775.988;11757.226;45.546;0.15;10.42;18.193;4.18;48.264;60.379;11.117;15.503;327.546;69.175;121.936;96.234;220.481;313.601;123.453;50.823;382.2;492.57000000000005;2.2360000000000007;28.863999999999994;369.205;55762.739;28007.822999999997;81.732;36.760000000000005;174.405;19.671000000000003;5.863000000000001;217.053;215.761;4.708999999999998;196.89799999999997;1023.0229999999995;198.17999999999998;63.53999999999999;217.57500000000002;1057.384;1268.812;578.578;29.673999999999992;998.2420000000001;959.8049999999998;51.53999999999999;86.86000000000001;1401.0670000000002;861421.231;394817.576;189.59400000000002;37.484;587.674;75.453;8.067;594.188;936.026;157.197;1039.048;10026.359;20.321;3.071;8.365;75.27;0;0.618;0.629;44.58;12.126;13.066;2.464;101.258;113676.8;19597.7;1.233;7.512;0;2.046;0.273;37.602;2.989;1.291;374.949;1656.93;43.401;45.706;108.511;242.611;772.87;26.511;22.405;570.847;642.319;28.239;47.554;621.584;399520;100661.6;92.877;15.199;348.5;45.462;5.807;246.159;371.657;19.218;108.275;852.583;134.45799999999997;14.762999999999991;100.69900000000001;739.503;495.9419999999999;551.449;6.63999999999999;382.81500000000005;305.3599999999999;10.234999999999989;36.84200000000001;678.2250000000003;348224.431;274558.27599999995;95.48400000000002;14.773000000000001;239.17399999999998;27.944999999999993;1.987;310.427;561.3799999999999;136.68800000000002;555.824;7516.8460000000005
2013Q1;389.338;266.258;424.187;1458.25;1846.559;911.287;117.918;1953.497;2225.062;306.699;218.269;2102.225;958095.72;500854.6;435.73;79.965;944.798;220.127;19.329;1000.283;1518.592;188.773;1448.047;15746.942;182.492;196.075;206.76;375.511;552.285;316.389;88.976;927.459;1277.114;266.207;130.11;667.192;87359.638;68003.692;249.417;43.984;352.367;145.741;10.918;319.436;584.252;28.698;414.902;5786.344;126.554;45.791;36.232;142.486;83.235;186.434;28.981;412.288;696.274;234.181;82.602;130.998;31252.234;23304.053;131.601;4.918;138.983;104.348;1.412;63.202;261.843;19.93;193.948;4093.8;3.812;31.731;62.911;28.534;145.833;38.056;15.155;131.555;94.424;21.815;13.091;148.383;2253.871;12261.836;50.965;0.136;13.837;17.852;4.045;48.011;68.263;6.159;12.576;303.194;52.12599999999999;118.553;107.61699999999999;204.49100000000004;323.217;91.89900000000002;44.839999999999996;383.61599999999993;486.41600000000005;10.21099999999998;34.41700000000001;387.8109999999999;53853.53300000001;32437.802999999996;66.851;38.93;199.54700000000003;23.541000000000015;5.461;208.22299999999998;254.14599999999993;2.609000000000001;208.378;1389.35;206.84600000000003;70.18299999999999;217.42700000000002;1082.739;1294.274;594.898;28.942000000000007;1026.038;947.9479999999999;40.49200000000002;88.15899999999999;1435.033;870736.0819999999;432850.908;186.31300000000002;35.981;592.431;74.386;8.411000000000001;680.847;934.3400000000001;160.075;1033.145;9960.597999999998;19.736;3.265;8.279;79.3;0;0.946;0.634;45.3;12.079;13.244;30.775;102.297;125355.6;34408.4;1.083;8.474;0;2.063;0.282;37.559;4.554;1.304;374.984;1794.459;54.045;45.859;109.68;246.876;810.016;32.385;22.807;586.28;637.411;22.494;19.052;656.434;404410;112753.8;97.435;17.047;358;45.237;5.8;281.238;403.982;19.482;113.762;863.596;133.06500000000005;21.05899999999999;99.46800000000002;756.5630000000001;484.2579999999999;561.567;5.501000000000008;394.4580000000001;298.45799999999997;4.754000000000019;38.331999999999994;676.3019999999999;340970.48199999996;285688.708;87.79500000000002;10.46;234.43100000000004;27.08599999999999;2.3290000000000015;362.05;525.8040000000001;139.289;544.3990000000001;7302.542999999998
2013Q2;397.307;266.259;428.112;1488.505;1813.822;939.572;122.91;1996.16;2224.046;317.674;218.381;2143.668;971717.03;512977.1;447.475;71.822;957.909;226.31;22.077;1014.644;1545.525;189.413;1482.33;15638.473;177.267;188.781;208.891;376.375;551.947;316.395;91.238;957.348;1283.307;277.684;128.891;664.174;88911.438;68594.896;256.295;42.651;391.447;149.257;13.162;281.972;557.096;29.606;418.234;5651.727;145.968;43.308;33.721;168.381;81.565;177.382;34.998;408.23;697.637;251.739;84.167;123.932;32793.135;20482.438;145.065;5.616;158.711;105.339;1.572;57.995;314.397;19.86;200.415;4012.2;3.572;33.226;63.896;24.632;141.455;33.583;13.566;120.018;93.846;22.793;11.996;153.859;2191.674;11588.258;46.246;0.134;14.956;17.558;3.726;48.319;64.818;6.845;13.263;277.804;27.727000000000007;112.24700000000001;111.27399999999999;183.362;328.927;105.42999999999998;42.674;429.0999999999999;491.82400000000007;3.1520000000000223;32.72799999999999;386.3829999999999;53926.62899999999;36524.2;64.98400000000001;36.901;217.78;26.360000000000007;7.864;175.65799999999996;177.88100000000003;2.9010000000000025;204.55599999999998;1361.723;220.04000000000002;77.47800000000001;219.22100000000003;1112.13;1261.875;623.177;31.671999999999997;1038.8120000000001;940.7389999999998;39.98999999999995;89.49000000000001;1479.4940000000001;882805.5920000001;444382.20399999997;191.18;29.171;566.462;77.053;8.915000000000001;732.672;988.4290000000001;159.80700000000002;1064.096;9986.746;17.426;3.302;8.306;86.63;0;1.214;0.638;48.547;12.237;12.542;32.076;103.009;148041.3;37927.7;1.601;2.818;0;2.055;0.287;36.297;6.119;1.252;374.984;1928.416;47.594;46.373;110.155;249.246;747.722;38.519;24.429;584.751;627.819;21.413;20.223;689.231;385410;118925.8;98.038;16.888;341.7;46.708;5.746;303.425;397.538;26.229;118.367;782.438;155.02000000000004;27.803000000000004;100.76000000000002;776.254;514.153;583.444;6.604999999999997;405.5140000000001;300.6829999999999;6.03499999999995;37.19100000000001;687.2540000000001;349354.29200000013;287528.70399999997;91.54100000000001;9.464999999999996;224.762;28.289999999999992;2.8819999999999997;392.95;584.772;132.32600000000002;570.7450000000001;7275.891999999999
2013Q3;419.97;272.356;425.528;1505.539;1792.178;955.047;118.488;1985.416;2204.903;318.007;218.447;2136.563;977330.21;510215.8;446.67;73.798;947.295;221.014;22.127;1024.945;1551.888;189.951;1491.37;15790.321;190.009;213.455;213.48;374.051;541.387;338.267;88.132;980.508;1277.514;278.803;128.54;671.462;87136.499;67614.152;256.195;43.283;361.525;141.77;13.072;356.751;553.038;28.497;399.039;5066.134;149.702;40.928;38.204;173.234;81.256;176.026;36.169;406.476;733.781;253.452;84.446;117.35;33000.349;25724.416;139.926;5.549;161.739;104.165;1.79;54.908;290.673;19.693;201.188;4015.4;3.603;34.853;65.613;26.623;148.68;38.742;12.016;118.516;92.186;23.592;12.828;151.158;2197.234;12376.369;47.423;0.12;15.226;16.19;3.418;45.283;56.208;6.184;16.167;293.815;36.703999999999986;137.674;109.66299999999998;174.194;311.45099999999996;123.499;39.94700000000001;455.516;451.5469999999999;1.7590000000000003;31.265999999999995;402.95399999999995;51938.916;29513.367000000006;68.846;37.614000000000004;184.55999999999997;21.415000000000003;7.864;256.55999999999995;206.157;2.6199999999999983;181.684;756.9189999999999;229.96100000000004;58.90099999999998;212.04800000000003;1131.488;1250.7910000000002;616.78;30.355999999999995;1004.9079999999999;927.3889999999999;39.20400000000001;89.90700000000001;1465.101;890193.711;442601.648;190.47500000000002;30.515;585.77;79.244;9.055;668.194;998.8499999999999;161.454;1092.331;10724.187;15.442;3.634;8.335;86.93;0;0.902;0.579;47.364;12.27;12.491;31.063;103.932;167691.7;26976.9;1.39;2.77;0;1.928;0.286;37.763;7.683;1.323;374.984;2062.004;58.571;46.023;105.461;237.171;734.018;31.602;23.613;562.48;625.398;20.507;20.492;667.067;381900;115257;96.297;16.382;349.3;48.65;5.747;298.524;389.003;25.578;127.081;804.487;155.94800000000004;9.243999999999978;98.25200000000002;807.387;516.7730000000001;584.276;6.163999999999994;395.06399999999985;289.7209999999999;6.206000000000007;38.352000000000004;694.1020000000001;340602.01099999994;300367.74799999996;92.78800000000004;11.363;236.46999999999997;28.666000000000004;3.0220000000000002;331.9069999999999;602.164;134.553;590.266;7857.696000000001
2013Q4;439.698;264.761;414.476;1508.667;1840.247;924.613;123.75;2004.704;2220.281;321.257;215.242;2137.088;988964.92;503735;447.221;78.522;948.621;223.313;25.53;1025.805;1551.553;190.767;1519.787;16205.501;205.116;200.46;203.771;364.288;598.357;317.549;92.003;975.345;1289.06;278.273;124.8;670.581;90656.741;66461;247.485;44.876;360.64;147.635;15.631;377.175;582.149;29.033;422.943;5163.791;176.218;38.347;42.723;181.966;85.531;174.863;37.546;403.546;773.425;251.397;85.394;110.249;36554.728;31729.682;132.192;5.829;165.088;108.272;1.996;52.89;278.951;20.635;209.819;4054.6;3.795;36.169;60.949;24.927;158.456;27.468;14.926;115.374;91.563;24.091;10.963;144.814;2119.989;11656.058;48.401;0.114;16.158;16.198;3.432;52.185;58.538;5.899;14.245;297.543;25.103000000000023;125.944;100.099;157.395;354.37;115.21799999999998;39.531;456.42499999999995;424.072;2.785000000000032;28.44299999999999;415.51800000000003;51982.02399999999;23075.26;66.892;38.933;179.394;23.164999999999985;10.203;272.1;244.65999999999997;2.4989999999999997;198.879;811.6480000000003;234.58199999999997;64.30100000000002;210.705;1144.379;1241.89;607.0640000000001;31.747;1029.359;931.221;42.98399999999998;90.442;1466.507;898308.179;437274;199.736;33.64600000000001;587.981;75.678;9.899000000000001;648.6300000000001;969.4040000000001;161.73399999999998;1096.844;11041.71;23.504;3.352;8.32;88.25;0;0;0.683;42.944;12.438;12.251;33.342;104.196;181395.8;17260.4;1.521;2.88;0;1.92;0.289;37.852;9.248;1.323;374.991;2208.829;57.129;46.428;103.491;245.64;718.624;17.486;24.331;569.32;636.928;21.815;20.66;657.272;375280;114875.4;100.933;18.217;342.1;45.509;7.295;254.148;379.538;26.123;135.793;852.673;153.94899999999998;14.521000000000022;98.89400000000002;810.4889999999999;523.2660000000001;589.5780000000001;6.7330000000000005;417.0949999999999;281.855;8.917999999999981;36.44;705.0390000000001;341632.37899999996;305138.19999999995;97.282;12.54900000000001;245.88099999999997;28.248999999999995;2.3150000000000013;356.6300000000001;580.618;134.28799999999998;586.0600000000001;7980.208
2014Q1;458.971;266.667;435.366;1478.927;1838.037;938.919;127.385;2048.244;2210.656;320.73;215.004;2188.787;991446.7;540506.9;445.552;78.07;945.024;230.292;28.19;1053.638;1578.299;191.872;1539.787;16450.633;213.702;201.265;233.349;359.004;609.235;312.821;94.293;1017.222;1289.088;272.901;128.414;708.953;86970.356;67014.508;250.708;43.137;357.697;155.616;18.965;394.377;563.977;30.075;419.454;5319.838;160.952;39.036;44.979;182.542;85.745;196.894;30.617;395.193;736.752;247.623;85.937;103.461;33828.544;37953.652;122.873;5.974;176.546;109.059;2.09;51.837;275.255;18.067;195.896;4053.8;3.98;37.888;63.633;28.361;161.521;22.024;21.012;126.157;136.763;18.662;7.113;142.1;2860.822;9564.264;58.745;0.967;29.711;14.555;3.453;45.492;84.207;8.435;17.781;279.505;48.77;124.34099999999998;124.737;148.10100000000003;361.96900000000005;93.90300000000002;42.664;495.872;415.573;6.616000000000021;35.36399999999999;463.39199999999994;50280.99;19496.592;69.09;36.196;151.44;32.00200000000002;13.422;297.048;204.515;3.5729999999999986;205.77700000000002;986.5329999999996;245.269;65.40199999999999;202.017;1119.9229999999998;1228.8020000000001;626.098;33.092;1031.0220000000002;921.568;47.82900000000001;86.59;1479.8339999999998;904476.3439999999;473492.392;194.84400000000002;34.93299999999999;587.327;74.67599999999999;9.225000000000001;659.261;1014.322;161.79700000000003;1120.333;11130.795000000002;24.507;3.248;8.243;87.39;0;0;0.703;40.22;12.344;12.416;34.063;105.606;198337;28640;1.894;2.906;0;1.932;0.289;38.785;9.555;1.364;374.939;2311.539;63.716;45.945;97.673;229.283;703.667;20.779;24.764;577.516;626.739;22.427;19.983;665.143;371010;127483.9;98.889;19.735;342.2;42.218;6.97;284.644;462.45;26.759;139.329;878.224;157.046;16.20899999999999;96.101;803.2499999999997;525.1350000000001;605.319;7.6249999999999964;413.2860000000002;282.4849999999999;12.986000000000011;32.544;709.0849999999998;335129.3439999999;317368.49199999997;94.06100000000002;12.291999999999994;245.127;30.525999999999982;1.966000000000002;335.832;542.317;133.67400000000004;606.065;7941.032000000001
2014Q2;474.4;272.153;438.989;1511.281;1817.985;947.275;130.374;2067.433;2217.507;322.814;209.464;2237.71;1005999.82;561252.8;456.168;77.199;895.291;228.595;28.85;1066.327;1631.555;193.069;1573.247;16404.282;221.746;208.71;242.202;356.309;563.932;320.415;95.152;1045.157;1297.726;281.404;130.673;743.401;89502.273;69874.104;257.867;43.79;315.233;155.628;19.931;423.637;611.379;29.049;423.711;5453.664;158.724;41.294;48.83;189.045;84.014;222.503;24.763;398.752;726.499;253.487;88.479;98.194;34409.051;41964.458;117.169;6.378;196.657;111.073;2.26;51.658;280.686;18.599;194.375;4108.2;4.621;40.341;68.021;27.059;147.351;17.531;24.097;133.342;140.808;18.557;7.262;141.053;2460.68;8798.903;61.85;0.326;30.806;13.842;3.586;44.459;61.164;7.34;14.69;279.387;58.40100000000002;127.07499999999999;125.35100000000001;140.20500000000004;332.567;80.38100000000003;46.291999999999994;513.063;430.4190000000001;9.360000000000003;34.932;504.154;52632.542;19110.74300000001;78.84800000000004;37.086;87.77;30.712999999999994;14.084999999999999;327.52;269.52900000000005;3.1099999999999994;214.64600000000002;1066.077;252.65399999999997;63.44300000000001;196.78699999999998;1154.972;1254.0529999999999;626.8599999999999;35.221999999999994;1022.2760000000001;919.781;41.410000000000025;78.791;1494.3090000000002;916497.5469999999;491378.69600000005;198.301;33.409;580.058;72.96700000000001;8.919;642.69;1020.176;164.01999999999998;1149.536;10950.617999999999;22.297;3.358;7.818;90.81;0;0;0.888;38.099;12.574;11.884;34.78;105.985;211950.5;23816.6;2.178;2.89;0;1.819;0.267;38.084;9.861;1.424;374.939;2396.972;62.865;45.615;92.261;234.57;740.909;38.471;25.638;575.174;621.209;18.059;20.899;662.901;366960;130502.7;98.83;17.734;332.6;40.491;6.548;290.019;441.072;27.861;138.932;815.184;167.49199999999996;14.470000000000013;96.70799999999997;829.5920000000001;513.1439999999999;588.3889999999999;8.695999999999994;409.00300000000004;285.99800000000005;11.467000000000024;23.111999999999995;725.4230000000003;337587.0469999999;337059.39600000007;97.29299999999999;12.784999999999997;247.45799999999997;30.65700000000001;2.104000000000001;314.587;569.243;134.73499999999999;635.665;7738.461999999999
2014Q3;491.591;268.627;439.199;1521.484;1825.03;985.227;129.445;2073.481;2219.825;319.934;208.228;2203.711;1012139.41;568068.4;454.594;79.087;875.881;233.358;28.942;1073.486;1667.905;194.032;1578.723;16624.752;229.392;202.236;242.212;361.888;566.41;339.97;93.011;1032.909;1294.335;279.053;134.783;736.465;93097.317;69134.103;252.679;45.841;280.463;163.302;20.306;409.296;653.225;31.095;418.647;5516.569;163.58;37.142;48.8;189.2;81.152;227.433;29.891;387.997;687.021;251.752;91.087;97.469;35451.827;44741.203;127.334;7.007;192.507;110.864;2.275;49.214;343.383;18.347;192.339;4148;3.323;37.269;63.433;26.184;145.52;23.872;24.676;144.652;171.04;18.074;8.86;146.925;3897.421;7907.876;63.827;0.98;32.101;15.668;3.414;47.946;70.848;8.954;15.844;278.781;62.48899999999998;127.82499999999999;129.97899999999998;146.504;339.73799999999994;88.66500000000003;38.444;500.26000000000005;436.2740000000001;9.226999999999986;34.835999999999984;492.0710000000001;53748.068999999996;16485.024;61.518;37.854000000000006;55.85500000000002;36.76999999999999;14.617000000000003;312.13599999999997;238.99400000000003;3.793999999999997;210.464;1089.7880000000005;262.199;66.39100000000002;196.98700000000002;1159.596;1258.62;645.257;36.434;1040.5720000000001;925.4899999999998;40.88100000000003;73.44500000000002;1467.2459999999996;919042.093;498934.297;201.915;33.246;595.4179999999999;70.05600000000001;8.636;664.19;1014.68;162.937;1160.076;11108.183;25.808;3.175;7.53;91.85;0;0;0.914;39.943;12.594;11.867;34.615;105.481;229311.5;26739.1;2.708;2.943;0;1.832;0.259;38.525;10.168;1.498;365.311;2448.625;72.114;44.546;86.968;230.011;734.842;40.704;24.225;577.9;623.39;18.253;21.12;651.902;361090;124139.8;99.448;17.472;332.2;35.707;6.618;295.927;462.574;26.669;139.107;894.676;164.27700000000002;18.670000000000023;102.48900000000002;837.7350000000001;523.7779999999999;604.553;11.294999999999995;422.72900000000016;289.50599999999974;10.761000000000028;17.71000000000002;709.8629999999996;328640.593;348055.39700000006;99.759;12.831;263.2179999999999;32.51700000000002;1.7589999999999986;329.73800000000006;541.9379999999999;134.77;655.6580000000001;7764.8820000000005
2014Q4;503.236;281.289;431.464;1531.127;1818.888;964.634;133.42;2070.579;2224.56;321.631;203.381;2204.424;1029614.03;567910.7;455.93;82.347;899.989;229.391;30.239;1085.165;1810.859;195.129;1622.144;16902.619;234.477;214.497;234.219;364.557;539.187;316.678;99.261;1024.1;1303.326;274.023;131.048;729.295;97668.108;71680.701;254.066;45.996;285.406;158.913;20.783;433.667;760.724;34.277;384.439;5544.812;157.991;33.855;48.899;188.506;77.055;221.379;34.894;382.343;653.829;247.81;82.02;96.866;37766.679;48135.822;135.2;6.792;204.799;110.26;2.643;47.322;412.659;19.236;184.479;4122.6;5.402;47.707;50.852;28.424;127.184;25.358;29.822;143.615;186.94;16.418;10.311;143.319;5688.414;9352.861;66.97;0.433;39.133;16.115;3.184;60.398;107.048;10.565;17.615;400.933;71.08399999999999;132.93500000000003;134.468;147.627;334.948;69.941;34.54499999999999;498.1419999999998;462.5570000000001;9.795000000000023;38.717000000000006;489.11;54213.015;14192.018;51.896000000000015;38.771;41.474;32.53800000000001;14.956;325.94699999999995;241.01700000000005;4.476000000000001;182.345;1021.2789999999995;268.759;66.79199999999997;197.245;1166.57;1279.701;647.956;34.15899999999999;1046.4790000000003;921.2339999999999;47.60799999999995;72.333;1475.129;931945.922;496229.99899999995;201.864;36.35099999999999;614.5830000000001;70.47799999999998;9.456;651.498;1050.1349999999998;160.85199999999998;1237.705;11357.806999999999;31.997;3.151;7.059;90.47;0;0;0.907;42.105;12.774;12.285;36.785;106.747;250439.4;19867.3;3.192;4.523;0;1.65;0.283;40.28;10.474;1.592;374.911;2461.364;70.74;48.62;91.04;243.695;725.254;35.706;25.298;577.831;621.36;23.563;20.796;661.393;354940;125936.7;96.822;17.443;338.3;38.39;7.114;290.17;434.266;29.059;157.269;987.626;166.022;15.02099999999998;99.146;832.405;554.447;612.25;7.953999999999997;426.54300000000023;287.0999999999999;11.759999999999952;14.752000000000002;706.9889999999998;326566.522;350425.99899999995;101.85;14.384999999999991;276.2830000000001;30.437999999999974;2.059;321.04800000000006;605.3949999999998;130.20099999999996;705.5249999999999;7908.816999999999
2015Q1;517.309;285.598;450.614;1536.605;1834.447;948.497;136.221;2123.33;2230.448;305.365;203.596;2254.491;1037718.82;616248.3;464.508;84.499;956.375;231.629;30.856;1095.972;1818.696;194.583;1621.409;16981.977;243.379;222.865;263.983;382.199;572.701;353.231;100.933;1098.076;1295.684;259.074;133.424;783.065;102674.298;74680.983;255.771;47.165;340.68;159.352;22.756;470.305;737.949;35.799;393.074;5533.257;159.859;36.406;52.677;198.433;79.713;247.505;37.278;392.685;678.838;233.375;76.263;120.604;40288.18;46116.855;135.74;7.12;221.076;106.804;3.648;59.298;447.011;19.449;194.254;4138.6;5.262;50.521;56.38;29.797;132.852;52.993;32.996;175.769;198.227;15.973;11.868;143.112;6596.008;9617.596;76.259;0.756;49.991;20.76;3.677;59.261;135.763;11.484;21.22;470.403;78.25799999999998;135.938;154.92600000000002;153.96900000000002;360.1360000000001;52.733;30.659000000000006;529.6220000000001;418.619;9.726000000000012;45.293;519.349;55790.10999999999;18946.531999999992;43.77199999999998;39.289;69.61300000000001;31.788;15.431000000000001;351.746;155.17499999999993;4.865999999999998;177.60000000000002;924.2539999999992;273.92999999999995;62.733000000000004;186.63099999999997;1154.406;1261.7459999999999;595.266;35.288;1025.254;934.7639999999999;46.291;70.172;1471.426;935044.522;541567.317;208.737;37.333999999999996;615.6949999999999;72.27699999999999;8.100000000000001;625.6669999999999;1080.7469999999998;158.784;1228.335;11448.72;30.5;4.272;8.087;91.63;0;0;1.46;48.871;20.802;12.357;40.259;112.484;269792.1;29350.5;5.277;5.421;0;2.297;0.408;45.267;46.927;1.556;374.932;2459.666;79.942;49.687;88.533;249.156;728.615;20.148;26.25;576.008;629.894;22.989;20.35;669.642;340750;134494.2;105.337;18.998;340.4;37.927;6.953;278.69;430.442;26.017;142.889;1016.566;163.48799999999994;8.774000000000008;90.01099999999998;813.6199999999999;533.1309999999999;575.1179999999999;7.577999999999996;400.3749999999999;284.06799999999987;10.944999999999997;9.562999999999995;689.3;324502.422;377722.617;98.123;12.914999999999996;275.29499999999996;32.05299999999999;0.7390000000000008;301.70999999999987;603.3779999999999;131.21099999999998;710.514;7972.488
2015Q2;528.797;291.121;447.107;1576.778;1828.043;929.668;140.052;2140.448;2195.535;303.982;204.118;2274.827;1045826.43;626856.5;453.333;79.65;959.165;230.802;30.707;1101.278;1841.39;194.033;1659.353;16992.342;244.454;217.498;240.397;390.131;585.503;340.242;102.381;1050.488;1256.061;259.553;134.372;785.287;101109.205;75444.871;241.289;46.709;348.858;154.598;20.933;467.273;712.233;32.232;407.363;5521.129;184.286;36.343;51.83;203.784;80.269;238.495;36.986;372.536;647.387;233.401;78.507;132.559;38474.29;45388.993;128.37;7.96;217.298;103.838;3.558;66.29;430.935;21.742;229.123;4176.8;5.601;49.508;54.184;30.583;133.378;53.045;30.171;165.295;151.863;15.851;12.15;122.772;6052.42;10231.716;67.776;0.811;38.55;18.803;3.639;62.665;111.184;7.369;22.702;455.733;54.56700000000001;131.64699999999996;134.383;155.76399999999998;371.85600000000005;48.70200000000001;35.22400000000001;512.657;456.811;10.300999999999986;43.71500000000001;529.956;56582.495;19824.161999999997;45.14299999999999;37.938;93.01;31.95700000000002;13.736;338.318;170.11399999999995;3.1209999999999987;155.538;888.5959999999998;284.343;73.62299999999999;206.71000000000004;1186.647;1242.54;589.4259999999999;37.67099999999999;1089.9599999999998;939.4739999999999;44.42900000000003;69.74599999999998;1489.5400000000002;944717.2250000001;551411.629;212.04400000000004;32.941;610.307;76.20399999999998;9.774000000000001;634.005;1129.1570000000002;161.801;1251.99;11471.213;31.482;7.356;12.094;94.88;0;0;3.385;71.819;42.807;12.895;37.934;131.777;291248.5;31807.7;11.427;3.117;0;5.082;0.94;58.471;83.38;1.523;374.932;2460.911;76.236;49.562;93.366;239.476;711.927;20.079;26.777;569.685;609.793;22.44;19.019;675.372;335390;139148.1;100.718;16.628;330.1;37.208;7.145;267.966;422.947;28.786;147.303;954.175;176.625;16.705;101.25000000000004;852.2909999999998;530.6129999999999;569.347;7.508999999999993;448.4559999999999;286.8739999999999;9.09400000000003;12.792999999999985;682.3910000000002;318078.7250000001;380455.8289999999;99.89900000000004;13.196000000000002;280.207;33.91399999999999;1.6890000000000018;307.568;622.83;131.492;729.755;8056.1269999999995
2015Q3;548.925;293.893;447.677;1596.748;1827.747;927.856;137.492;2139.415;2197.347;305.909;203.581;2263.185;1045471.25;644393.3;451.503;79.552;1015.684;235.706;32.218;1111.25;1840.286;193.399;1659.774;17103.829;253.773;214.801;246.827;388.641;654.584;331.483;99.613;1076.646;1231.003;262.983;132.499;778.792;105984.381;73149.747;236.914;46.655;395.483;155.461;21.781;475.86;664.482;33.985;411.408;5498.7;185.304;38.314;51.642;208.532;104.293;215.954;31.732;365.779;637.351;241.702;77.719;126.45;35855.931;52481.008;131.916;8.452;238.325;102.382;3.682;70.223;434.113;19.288;227.221;4145.6;5.287;48.105;50.831;31.557;152.786;47.689;30.167;163.214;161.39;15.771;10.925;135.972;8583.836;8662.027;63.317;0.789;38.382;20.836;3.765;64.595;109.063;10.323;26.766;557.241;63.181999999999995;128.382;144.35399999999998;148.55200000000002;397.50499999999994;67.84;37.714;547.653;432.26199999999994;5.510000000000005;43.855000000000004;516.37;61544.614;12006.712000000001;41.68099999999999;37.414;118.77600000000001;32.24300000000001;14.334;341.04200000000003;121.30599999999997;4.373999999999999;157.42100000000002;795.8589999999995;295.15199999999993;79.09199999999998;200.85000000000002;1208.107;1173.163;596.373;37.87899999999999;1062.769;966.3440000000003;42.92599999999999;71.082;1484.393;939486.869;571243.5530000001;214.589;32.897000000000006;620.201;80.24499999999998;10.437000000000005;635.39;1175.804;159.414;1248.366;11605.129;34.843;10.051;15.366;96.54;0;0;5.349;92.721;63.558;11.743;40.853;150.275;309571.8;30000.1;16.94;3.157;0;7.754;1.523;73.289;119.833;1.508;370.667;2461.948;88.272;48.868;91.448;261.226;662.678;21.041;26.511;562.75;616.345;23.178;19.458;660.339;322840;140925.5;98.903;15.658;330.6;38.935;7.015;265.521;468.433;29.156;158.932;941.902;172.03699999999992;20.17299999999998;94.03600000000004;850.341;510.485;575.332;6.018999999999988;407.298;286.44100000000026;8.004999999999985;10.770999999999994;673.7789999999999;307075.0689999999;400317.9530000001;98.746;14.082000000000006;289.601;33.55599999999997;1.8990000000000054;296.58;587.538;128.74999999999997;718.767;8201.279
2015Q4;559.156;292.874;438.657;1635.591;1836.047;904.464;144.537;2134.071;2197.474;314.987;201.578;2241.195;1052524.59;629971.2;446.049;82.041;1038.987;235.046;32.111;1114.129;1881.274;192.448;1683.922;17634.537;255.694;216.167;234.354;400.65;677.453;273.819;102.199;1052.611;1214.071;270.154;129.942;753.989;113036.355;73637.698;227.142;47.935;405.225;153.995;21.603;478.794;702.691;32.344;445.531;5481.482;187.686;40.327;50.944;214.812;129.699;196.536;26.835;354.481;627.597;247.956;77.734;121.418;37632.756;55338.714;132.822;7.804;252.978;102.392;3.881;73.848;440.414;19.834;239.678;4091.6;4.753;48.101;50.893;31.188;161.299;50.3;29.515;167.589;153.814;16.055;10.312;121.092;8711.452;7458.18;61.739;0.749;29.379;20.855;3.853;74.905;120.592;8.787;19.541;559.175;63.25499999999998;127.739;132.51700000000002;154.64999999999998;386.4549999999999;26.98300000000002;45.849000000000004;530.5410000000002;432.65999999999997;6.143000000000008;41.896000000000015;511.47900000000004;66692.14699999998;10840.804000000004;32.580999999999996;39.382;122.86800000000001;30.748000000000008;13.869000000000002;330.04099999999994;141.68500000000006;3.7230000000000008;186.312;830.7070000000001;303.462;76.70700000000002;204.30299999999997;1234.9409999999998;1158.594;630.645;42.33800000000001;1081.4599999999998;983.4030000000002;44.83300000000003;71.636;1487.2060000000001;939488.2350000001;556333.502;218.90699999999998;34.105999999999995;633.7620000000001;81.05099999999999;10.507999999999996;635.3349999999999;1178.5829999999999;160.104;1238.391;12153.055;30.24;12.956;19.161;94.11;0;0;7.447;114.974;85.952;11.095;41.943;170.078;325001.9;16177.8;22.448;3.281;0;10.435;2.072;88.919;156.286;1.584;374.9;2461.554;93.685;48.97;88.056;265.653;617.339;39.882;27.236;549.499;607.41;23.718;19.352;651.754;309000;137124.5;98.088;15.835;349.4;36.446;6.789;255.37;421.358;26.605;155.599;1067.523;179.53699999999998;14.78100000000002;97.08599999999997;875.1779999999999;541.255;590.763;7.655000000000005;416.98699999999974;290.0410000000003;10.020000000000028;10.340999999999998;665.3740000000001;305486.3350000001;403031.20199999993;98.37099999999998;14.989999999999995;284.3620000000001;34.16999999999999;1.6469999999999967;291.04599999999994;600.9389999999999;131.91500000000002;707.892;8623.978000000001
2016Q1;572.106;298.885;454.315;1621.807;1857.285;893.087;146.794;2187.434;2207.034;312.362;207.115;2300.107;1057497.51;669791.4;446.535;80.632;1061.027;236.837;32.545;1136.25;1827.37;191.245;1670.236;17876.495;256.837;223.892;258.923;401.086;733.469;268.795;105.8;1123.991;1192.596;268.894;132.317;788.448;111053.418;74142.481;217.671;47.297;424.059;146.981;21.643;490.984;613.151;27.233;433.814;5619.691;173.018;40.559;53.044;205.349;138.786;199.094;28.214;350.776;673.487;245.811;75.292;118.754;33432.192;57998.434;131.313;8.038;242.594;98.535;3.792;73.343;403.004;13.343;232.322;4069.2;5.321;49.541;51.404;30.068;163.627;46.564;31.671;178.964;163.816;15.949;11.793;145.429;9859.679;7453.82;58.994;1.724;25.728;22.038;3.343;85.803;124.402;12.701;19.974;624.103;78.49799999999999;133.792;154.47500000000002;165.669;431.056;23.13700000000002;45.915;594.251;355.293;7.133999999999999;45.232000000000006;524.265;67761.54699999999;8690.226999999999;27.364000000000004;37.535000000000004;155.73700000000002;26.407999999999998;14.508;331.83799999999997;85.74499999999993;1.189;181.51800000000003;926.388;315.269;74.993;195.392;1220.721;1123.816;624.2919999999999;40.994000000000014;1063.4430000000002;1014.4380000000001;43.46800000000002;74.798;1511.659;946444.092;595648.919;228.86400000000003;33.33500000000001;636.9680000000001;89.856;10.902000000000001;645.2660000000001;1214.219;164.012;1236.422;12256.804;40.607;15.881;22.767;91.16;0;0;9.619;134.257;108.746;12.84;43.794;190.052;349195.5;24396.7;28.22;3.418;0;13.551;2.69;98.294;187.591;1.637;374.907;2461.326;104.417;49.474;85.402;271.563;589.266;42.421;28.234;550.085;621.984;21.96;19.02;663.271;309650;148484.7;99.847;15.76;353.5;39.17;6.722;303.877;486.811;25.013;158.43;1158.967;170.24500000000003;9.637999999999998;87.223;857.9979999999999;534.5500000000001;581.8709999999999;3.1410000000000124;379.1010000000001;283.7080000000001;8.668000000000017;11.984000000000005;658.3360000000002;287598.59199999995;422767.51900000003;100.79700000000004;14.157000000000009;283.4680000000001;37.13499999999999;1.490000000000001;243.09500000000008;539.8170000000002;137.362;703.085;8636.510999999999
2016Q2;583.194;298.679;459.589;1647.967;1850.404;903.381;142.416;2217.127;2210.629;318.532;200.301;2321.446;1068766.95;683651.4;442.154;83.486;1137.511;243.387;32.366;1145.229;1879.314;190.128;1708.538;17883.652;252.478;223.788;262.945;407.952;765.194;275.075;96.975;1130.253;1175.985;275.091;124.78;767.908;110536.353;76388.597;209.774;49.282;486.84;147.118;21.422;496.478;592.567;27.598;445.803;5668.196;173.078;42.283;56.825;207.927;153.915;215.4;30.554;355.146;692.15;252.23;74.315;119.828;33624.123;62450.882;136.164;8.162;254.393;98.741;4.12;75.069;404.041;12.53;231.415;4034.7;9.843;48.755;49.778;28.076;162.848;49.408;30.427;171.764;162.872;16.122;11.602;137.698;8074.213;6286.228;55.239;0.645;26.384;22.448;3.542;84.892;116.668;11.477;20.051;601.779;69.557;132.75;156.342;171.949;448.431;10.266999999999982;35.99399999999999;603.343;320.9629999999999;6.7390000000000185;38.863;510.38200000000006;68838.017;7651.486999999996;18.371000000000016;40.474999999999994;206.063;25.928999999999995;13.76;336.517;71.858;3.5909999999999993;194.33700000000002;1031.717;330.71599999999995;74.89099999999996;196.644;1240.015;1085.21;628.306;45.441;1086.874;1034.644;43.440999999999974;75.52099999999999;1553.538;958230.597;607262.8030000001;232.38;34.20400000000001;650.671;96.269;10.943999999999999;648.751;1286.747;162.52999999999997;1262.7350000000001;12215.455999999998;35.576;20.797;28.473;94.61;0;0;12.824;166.073;142.138;12.533;47.74;221.364;376382.2;15396.7;36.775;3.45;0;17.121;3.25;118.392;218.896;1.643;374.907;2462.303;117.653;50.354;86.471;275.905;552.813;48.04;28.325;539.888;610.463;22.12;17.886;671.991;309370;152406.8;96.947;16.307;365.7;38.599;6.55;337.651;440.274;25.799;164.201;1127.664;177.4869999999999;3.7399999999999665;81.69999999999999;869.5000000000002;532.397;580.2660000000001;4.292000000000005;380.913;282.043;8.787999999999972;9.894999999999985;660.183;272478.3969999999;439459.30300000013;98.65799999999999;14.44700000000001;284.97100000000006;40.549000000000014;1.1439999999999992;192.7079999999999;627.5770000000001;135.08799999999997;723.6270000000002;8625.488999999998
2016Q3;605.526;292.186;459.416;1670.525;1811.968;888.137;143.278;2205.921;2204.211;314.409;202.374;2284.299;1076079.29;682540.2;433.342;84.998;1126.15;247.941;32.682;1146.892;1836.221;188.931;1709.287;18111.759;256.393;213.652;262.895;420.155;763.66;265.343;95.775;1134.782;1154.925;271.848;123.537;748.952;114218.178;79219.405;197.863;48.253;462.588;147.841;21.517;503.163;561.953;27.449;449.606;5528.636;177.956;44.573;55.128;220.942;160.019;219.269;31.04;358.152;692.49;250.611;74.146;124.96;34515.906;58888.511;140.097;7.865;238.554;97.3;4.095;82.765;391.687;12.393;223.916;3899.4;15.92;47.502;48.337;27.495;151.524;41.416;28.828;164.285;153.709;16.212;10.329;129.702;8489.06;6580.993;52.036;0.927;23.41;22.44;3.357;81.423;115.581;12.182;21.07;572.822;62.51699999999998;121.57699999999997;159.43;171.71799999999996;452.11699999999996;4.6580000000000155;35.90700000000001;612.3449999999999;308.72599999999994;5.0250000000000234;39.062000000000005;494.28999999999996;71213.212;13749.901;5.72999999999999;39.461;200.62400000000002;28.10100000000001;14.065000000000001;338.975;54.68499999999996;2.8740000000000006;204.62;1056.4140000000002;349.133;78.53399999999999;196.52100000000002;1250.3700000000001;1048.308;622.7939999999999;47.502999999999986;1071.139;1049.2859999999998;42.56099999999998;78.83699999999999;1535.347;961861.1120000001;603320.7949999999;235.47899999999998;36.745000000000005;663.5620000000001;100.1;11.165000000000003;643.729;1274.268;161.482;1259.681;12583.122999999998;39.853;24.18;32.603;95.47;0;0;15.34;192.644;172.568;12.393;48.608;245.567;397597.1;13319.8;44.338;3.507;0;19.232;3.764;130.827;250.201;1.622;388.475;2463.46;128.978;49.512;84.008;290.154;500.07;40.619;28.452;513.745;597.027;21.674;17.82;647.436;297330;143898.1;95.231;17.198;365.3;38.076;6.633;344.324;425.737;24.959;174.529;1329.061;180.30199999999996;4.841999999999992;79.91000000000001;864.7460000000001;548.238;582.1749999999998;3.7109999999999808;364.7499999999999;279.6909999999998;8.493999999999978;12.408999999999992;642.3439999999999;266934.0120000001;446102.8949999999;95.91;16.040000000000006;298.2620000000001;42.791999999999994;0.7680000000000033;168.57800000000003;598.3299999999999;134.90099999999998;696.677;8790.601999999997
2016Q4;621.359;296.693;451.818;1674.636;1754.737;876.165;148.088;2190.007;2182.375;319.425;200.635;2287.84;1079840.09;656429.4;438.204;84.199;1152.857;244.495;31.783;1145.655;1883.772;187.807;1749.166;18445.034;257.978;208.313;242.333;422.496;785.939;234.469;95.116;1028.083;1110.577;274.256;120.836;740.015;118102.816;77942.812;196.733;46.737;492.169;139.645;20.077;494.4;554.432;30.205;466.485;5418.246;180.602;46.304;52.118;223.182;170.172;225.298;31.236;347.246;688.606;253.417;74.779;131.693;37144.366;63200.132;145.42;7.797;243.392;95.084;4.734;89.437;382.365;12.001;236.735;3813.4;23.019;45.771;47.531;25.707;133.82;8.244;28.782;151.729;126.301;16.103;10.772;110.467;8448.913;5834.899;46.358;0.049;24.522;22.264;2.289;88.867;113.5;13.384;19.017;532.354;54.357000000000006;116.23799999999999;142.684;173.607;481.94699999999995;0.9269999999999925;35.098;529.1080000000001;295.67;4.735999999999969;35.285000000000004;497.855;72509.53700000001;8907.781000000006;4.95500000000002;38.891000000000005;224.255;22.297000000000008;13.054000000000002;316.09599999999995;58.56700000000001;4.82;210.733;1072.492;363.38100000000003;88.38;209.48499999999999;1252.1399999999999;968.7980000000001;641.6959999999999;52.971999999999994;1161.924;1071.798;45.16900000000004;79.79899999999999;1547.8250000000003;961737.2740000001;578486.588;241.471;37.461999999999996;660.688;104.85;11.706;651.255;1329.34;157.60199999999998;1282.681;13026.788;45.438;27.261;37.252;96.64;0;0;17.538;220.879;205.391;12.492;48.217;273.514;410501;14499.4;51.2;3.287;0;21.202;4.07;143.139;281.506;1.53;422.905;2463.601;130.569;48.626;82.047;295.871;438.417;38.698;27.983;517.888;585.375;19.053;18.326;629.334;289230;139741.7;92.173;21.814;364.3;37.639;6.085;348.294;429.2;26.976;168.646;1505.07;187.37400000000005;12.493000000000002;90.18599999999998;859.6289999999998;530.3810000000001;602.9979999999999;7.450999999999997;423.1569999999999;281.03200000000004;13.624000000000034;13.255999999999993;644.9770000000002;262006.2740000001;424245.48799999995;98.09800000000001;12.360999999999997;296.388;46.00899999999999;1.5509999999999993;159.822;618.6339999999998;129.09599999999998;691.1300000000001;9058.117
2017Q1;639.415;293.018;462.501;1674.138;1924.121;865.039;149.252;2255.429;2158.507;315.074;208.61;2329.285;1085296.81;678076.2;426.805;85.28;1228.375;247.031;32.991;1166.488;1878.515;188.748;1737.66;18422.417;271.063;198.788;248.503;414.98;889.696;239.666;97.413;1030.223;1094.846;271.675;127.431;725.792;119572.516;82141.054;181.142;46.25;536.339;138.051;21;489.268;514.129;29.671;446.891;5485.767;181.695;47.382;55.191;220.081;189.14;220.465;32.057;353.174;711.509;250.29;75.406;121.563;41696.187;61550.188;147.028;8.048;249.01;92.483;4.718;94.492;368.783;11.955;230.55;3880.1;24.849;41.614;45.872;26.333;161.912;17.26;26.983;147.556;110.347;15.944;11.835;137.034;6922.018;7372.772;30.819;1.473;25.526;20.468;2.061;88.035;110.244;13.225;14.624;501.193;64.51899999999999;109.792;147.44;168.56600000000003;538.644;1.9409999999999918;38.37299999999999;529.4929999999999;272.99;5.4410000000000185;40.18999999999999;467.19500000000005;70954.311;13218.094000000001;3.2950000000000053;36.729;261.80300000000005;25.099999999999984;14.221;306.741;35.102000000000004;4.491000000000001;201.717;1104.474;368.352;94.22999999999996;213.998;1259.158;1034.4250000000002;625.373;51.83900000000001;1225.2060000000001;1063.661;43.399;81.17900000000002;1603.493;965724.294;595935.146;245.663;39.03;692.036;108.98000000000002;11.991;677.22;1364.386;159.077;1290.769;12936.650000000001;38.004;31.221;42.9;95.92;0;0;18.932;242.765;239.495;12.654;46.113;302.789;417711.4;18387.9;60.246;3.471;0;22.63;4.32;162.102;295.603;1.524;434.961;2464.335;140.161;46.902;79.762;302.029;426.399;27.713;27.593;513.794;572.272;17.236;18.712;655.845;283270;147150.2;89.558;22.044;393.6;39.532;5.71;342.628;405.856;25.13;159.593;1432.423;190.18699999999995;16.106999999999957;91.33599999999998;861.2089999999998;608.0260000000002;597.6600000000001;5.314000000000011;468.64700000000016;251.894;13.509;16.354000000000017;644.8589999999999;264742.894;430397.0459999999;95.859;13.514999999999997;298.4359999999999;46.818000000000026;1.9609999999999994;172.49000000000007;662.9269999999999;132.423;696.215;9039.892000000002
2017Q2;661.452;295.024;460.32;1716.172;1923.637;872.494;148.988;2280.623;2153.24;313.503;211.248;2359.327;1093541.65;682329.4;426.033;85.259;1208.045;252.636;33.357;1175.56;1873.657;189.87;1752.85;18392.059;270.925;198.193;245.661;429.49;960.55;227.927;93.231;1033.892;1078.189;270.397;129.428;743.328;120890.646;84325.728;177.92;46.059;525.545;139.406;21.083;505.463;475.016;27.847;456.543;5559.386;182.955;48.05;57.239;223.139;195.946;201.725;32.244;354.947;718.23;249.026;75.23;108.603;43460.668;66343.622;145.581;7.971;251.962;89.769;4.558;98.443;345.94;12.479;240.222;3994.4;24.072;40.366;44.272;31.7;187.041;23.553;27.868;129.044;101.026;15.886;12.521;138.739;6609.115;6918.82;31.485;1.089;24.533;19.175;2.326;90.821;103.28;11.541;16.474;485.855;63.897999999999996;109.77700000000003;144.15;174.651;577.5629999999999;2.6489999999999974;33.119;549.9010000000001;258.93300000000005;5.484999999999982;41.67699999999999;495.986;70820.863;11063.286;0.8539999999999992;36.998999999999995;249.04999999999995;30.462;14.198999999999998;316.19900000000007;25.79600000000002;3.8270000000000017;199.847;1079.1310000000003;390.527;96.83099999999999;214.659;1286.682;963.087;644.567;55.757000000000005;1246.731;1075.0509999999997;43.105999999999995;81.82;1615.9990000000003;972651.004;598003.672;248.11300000000003;39.2;682.5000000000001;113.22999999999999;12.274000000000001;670.097;1398.6409999999998;162.023;1296.3069999999998;12832.673;55.512;34.318;47.311;101.81;0;0;20.009;269.468;265.13;11.917;47.301;326.344;427425.6;16289.3;64.932;3.667;0;23.682;4.641;177.154;309.7;1.541;434.961;2465.046;136.569;47.061;79.128;301.362;416.502;37.478;27.562;507.801;558.381;17.788;18.989;639.804;283690;145678.3;87.035;22.484;378.4;41.565;5.417;330.393;439.113;25.947;161.116;1264.331;198.446;15.451999999999991;88.21999999999998;883.51;546.585;607.089;8.186000000000003;469.46199999999993;251.53999999999974;13.400999999999993;15.52999999999999;649.8510000000002;261535.40399999998;436036.072;96.14600000000004;13.049;304.10000000000014;47.98299999999999;2.216000000000001;162.55;649.8279999999997;134.535;700.2299999999998;9103.296
2017Q3;672.99;293.451;467.005;1729.31;1739.428;879.496;146.417;2278.085;2148.063;317.902;210.921;2362.19;1096013.64;666899.6;417.548;86.418;1199.783;252.763;33.376;1177.416;1821.034;190.927;1763.054;18685.738;280.403;200.83;250.723;444.411;812.248;227.865;89.521;1024.842;1059.568;274.215;128.763;730.89;123663.728;86777.096;167.972;45.314;516.025;137.115;21.134;499.196;419.401;28.308;465.283;5706.838;186.337;48.709;56.396;225.758;159.912;198.621;32.273;349.478;698.87;255.034;75.11;129.935;43428.756;68163.506;140.492;8.126;239.998;85.297;4.555;98.921;324.049;12.717;242.823;4070.4;20.911;40.645;40.281;30.91;120.359;26.288;26.304;130.995;78.973;15.938;11.729;133.863;8583.41;6076.594;26.754;0.859;33.141;20.079;2.207;94.167;76.296;9.394;17.083;517.81;73.15500000000003;111.476;154.046;187.743;531.977;2.9559999999999995;30.944;544.369;281.72499999999997;3.2429999999999826;41.92400000000001;467.0919999999999;71651.562;12536.99600000001;0.7260000000000169;36.329;242.886;31.73900000000001;14.372;306.10800000000006;19.056000000000026;6.196999999999999;205.377;1118.6279999999997;392.587;92.62100000000001;216.28199999999998;1284.899;927.1800000000001;651.631;56.896;1253.243;1088.4950000000001;43.68700000000001;82.15799999999999;1631.3000000000002;972349.9119999999;580122.504;249.576;41.104000000000006;683.7579999999999;115.648;12.241999999999997;678.2199999999999;1401.633;162.619;1297.7710000000002;12978.900000000001;37.733;37.802;51.371;101.69;0;0;21.077;294.876;290.214;11.96;47.655;347.343;435908.1;14218.3;69.718;4.828;0;24.69;5.057;188.632;323.797;1.568;434.956;2465.427;141.667;42.78;76.727;288.913;445.154;40.963;27.23;499.282;546.311;16.985;18.922;639.093;275330;138369.9;86.398;23.032;371.5;41.474;5.247;322.637;438.179;25.277;158.053;1291.656;213.18699999999998;12.039000000000009;88.18399999999997;894.2959999999998;482.02600000000007;610.668;8.589000000000002;459.085;251.97000000000014;14.742000000000012;15.580999999999985;644.8640000000001;261111.81199999992;427534.3039999999;93.46000000000001;13.244000000000003;312.2579999999999;49.484;1.937999999999997;166.9509999999999;639.657;135.774;704.7620000000002;9221.817000000003
2017Q4;682.677;290.373;454.282;1743.514;1749.677;879.176;149.611;2262.443;2132.784;323.004;201.262;2332.197;1101997.36;659289.6;420.09;81.886;1246.467;246.399;31.922;1184.148;1904.584;192.077;1805.987;19024.482;290.687;194.681;235.301;457.383;795.192;239.678;91.83;1009.436;1028.201;277.802;121.344;743.731;126589.856;83716.839;163.565;43.398;552.86;131.125;19.787;513.089;445.252;27.992;482.194;5598.714;192.365;49.538;55.681;232.803;131.501;199.096;32.886;347.739;691.205;255.287;69.821;149.543;47800.85;64851.065;136.638;8.293;247.855;79.682;4.754;100.62;331.95;13.439;243.337;4024;25.905;36.32;38.84;29.475;118.755;33.331;24.406;124.979;65.512;16.015;11.255;123.287;9306.131;5046.36;24.4;0.832;22.194;18.79;2.117;92.337;90.658;9.944;18.222;495.378;72.417;108.82300000000004;140.78;195.105;544.936;7.250999999999991;34.538;536.7180000000001;271.484;6.500000000000014;40.267999999999994;470.90099999999995;69482.875;13819.414000000004;2.526999999999994;34.273;282.811;32.653;12.916;320.13200000000006;22.64400000000002;4.609;220.63500000000002;1079.336;391.99;95.69199999999998;218.981;1286.1309999999999;954.4849999999999;639.498;57.78099999999999;1253.007;1104.583;45.202;79.918;1588.4660000000001;975407.5040000001;575572.7609999999;256.525;38.48799999999999;693.6070000000001;115.274;12.135000000000002;671.0589999999999;1459.332;164.085;1323.7930000000001;13425.768;43.812;41.126;55.469;100.46;0;0;22.996;320.454;319.159;11.945;47.558;369.287;440672.9;14831.6;73.215;3.325;0;25.625;5.666;202.959;337.894;1.577;434.956;2454.219;136.866;43.432;75.951;298.179;478.566;32.518;27.629;499.296;546.063;18.928;16.886;588.493;274970;129911.1;85.509;22.196;376.4;40.031;4.949;300.692;512.635;24.835;150.525;1372.217;211.31199999999998;11.133999999999979;87.561;887.4919999999998;475.9189999999999;606.98;7.155999999999995;433.2570000000001;239.3610000000001;14.328999999999997;15.474000000000007;630.686;259764.60400000005;430830.061;97.80099999999997;12.966999999999988;317.2070000000001;49.618;1.5200000000000014;167.40799999999984;608.8030000000001;137.673;738.3120000000001;9599.331999999999
2018Q1;691.91;289.638;470.162;1759.423;1833.227;875.738;148.295;2290.69;2111.454;328.096;210.229;2371.663;1103852.21;673489;412.716;84.873;1263.905;249.578;33.057;1200.604;1831.076;190.414;1784.098;19489.367;288.881;194.985;254.917;441.264;864.922;227.874;90.208;1068.004;1017.385;285.875;128.353;776.509;124106.456;87996.808;155.918;44.141;575.041;132.765;20.744;534.444;421.059;26.966;472.305;5596.81;186.647;50.269;54.726;222.666;100.365;193.586;33.118;370.221;685.019;260.145;69.878;147.656;43109.973;69308.457;134.453;8.649;240.939;78.258;4.559;102.764;330.715;13.364;240.701;4051.7;35.134;36.27;42.283;34.036;136.372;32.187;24.772;134.131;87.593;16.486;13.16;137.72;10723.21;7036.666;19.451;0.903;32.737;22.905;2.003;93.252;72.288;7.706;15.088;546.828;67.09999999999998;108.446;157.90800000000002;184.562;628.185;2.100999999999985;32.318;563.6519999999999;244.77299999999997;9.244000000000018;45.31500000000001;491.13300000000004;70273.27300000002;11651.685000000009;2.014000000000003;34.589;301.36500000000007;31.60199999999999;14.181999999999999;338.42799999999994;18.056000000000054;5.896;216.51600000000002;998.2820000000006;403.029;94.65299999999996;215.24499999999998;1318.159;968.3050000000001;647.864;58.08699999999999;1222.6860000000001;1094.0690000000002;42.221000000000004;81.876;1595.154;979745.754;585492.192;256.798;40.732000000000006;688.8639999999999;116.81300000000002;12.313000000000002;666.1600000000001;1410.017;163.44799999999998;1311.793;13892.556999999997;51.467;42.584;56.738;99.94;0;0;23.436;331.46;329.387;11.942;47.611;376.773;448326.1;15650.9;74.971;3.584;0;26.826;5.963;208.322;347.736;1.533;425.218;2424.883;137.743;41.549;74.274;294.003;511.779;45.582;28.525;467.827;523.947;16.576;17.254;605.902;275290;133927.3;86.459;22.886;376.1;41.181;4.719;306.815;446.156;23.914;159.464;1563.926;213.81900000000002;10.51999999999996;84.23299999999998;924.2160000000001;456.52600000000007;602.282;6.125999999999991;423.3990000000001;240.73500000000024;13.703000000000003;17.011000000000006;612.4789999999998;256129.65399999998;435913.992;95.368;14.262000000000004;312.7639999999999;48.806000000000026;1.631000000000002;151.02300000000008;616.125;138.00099999999998;727.1109999999999;9903.747999999998
2018Q2;699.904;289.982;470.341;1781.197;1829.498;868.928;149.147;2304.637;2097.484;328.919;214.517;2391.931;1108791.36;692977;408.971;86.144;1256.108;250.3;32.371;1203.667;1855.427;188.85;1818.959;19520.503;297.879;192.947;253.428;435.642;767.278;214.089;89.7;1096.065;1000.719;286.687;131.45;728.052;132012.897;94054.096;154.946;43.999;554.282;132.27;19.928;532.532;366.631;27.085;475.551;5567.535;192.999;52.593;54.638;230.312;72.714;198.613;34.576;402.062;706.129;260.576;70.566;152.566;46476.878;76217.513;135.608;9.534;252.903;78.9;4.73;106.983;321.435;12.981;250.473;3988.6;29.661;33.343;37.071;36.802;148.992;14.528;24.556;122.672;73.974;16.886;15.234;128.868;11748.156;9445.189;17.523;2.378;27.224;20.829;2.203;95.822;36.163;7.865;12.994;497.194;75.21900000000002;107.01099999999998;161.719;168.528;545.5720000000001;0.9479999999999986;30.568;571.331;220.61600000000004;9.22499999999999;45.649999999999984;446.618;73787.863;8391.393999999998;1.8149999999999942;32.087;274.15500000000003;32.541000000000004;12.995000000000001;329.72700000000003;9.032999999999973;6.239000000000001;212.08399999999997;1081.741;402.025;97.03500000000003;216.913;1345.5549999999998;1062.22;654.8389999999999;59.44699999999999;1208.5720000000001;1096.7649999999999;42.23199999999997;83.06700000000001;1663.879;976778.4630000001;598922.904;254.025;42.145;701.8259999999999;118.03;12.443000000000001;671.1349999999999;1488.7959999999998;161.765;1343.4080000000001;13952.968;56.746;44.308;58.235;103.48;0;0;24.827;342.797;344.279;11.533;47.417;386.625;454763.8;17004.9;76.244;3.592;0;28.195;6.268;216.99;357.578;1.487;434.978;2378.25;128.705;42.059;74.067;301.737;553.972;53.147;29.407;430.898;508.676;16.211;17.856;648.462;265990;131451.4;83.467;22.586;387.2;41.388;4.722;304.438;484.638;24.439;162.783;1420.25;216.57399999999998;10.668000000000028;84.611;940.3379999999997;508.24800000000005;601.6919999999999;5.21299999999999;434.87700000000007;243.8099999999999;14.487999999999971;17.794000000000004;628.7919999999999;256024.66300000012;450466.60399999993;94.31400000000001;15.967000000000006;314.6259999999999;48.44700000000001;1.4530000000000012;149.70699999999988;646.5799999999999;135.839;745.647;10154.468
2018Q3;704.69;289.251;470.854;1791.141;1778.581;875.683;149.23;2324.805;2098.484;340.551;215.71;2400.314;1107970.84;693968.2;405.691;87.034;1228.644;252.371;32.28;1215.48;1859.608;187.151;1832.926;19834.344;297.117;190.792;255.235;431.116;722.361;220.362;88.003;1130.613;999.143;300.583;131.351;721.327;134978.59;96339.569;158.574;43.762;534.707;130.724;19.507;538.814;409.486;27.482;482.56;5607.103;195.588;52.776;53.048;230.31;68.239;185.618;35.473;409.588;722.589;274.571;71.144;155.038;48924.359;76449.023;139.825;9.699;269.251;78.258;4.808;110.872;359.135;12.455;256.867;4010.1;24.587;33.283;34.329;35.443;138.555;30.809;22.132;120.469;81.553;17.528;17.088;125.706;10555.749;9908.184;16.99;1.524;23.101;22.264;2.123;96.49;40.288;8.561;24.888;568.565;76.94200000000002;104.73299999999999;167.858;165.363;515.567;3.9349999999999987;30.398;600.556;195.00099999999998;8.484000000000002;43.11899999999999;440.58299999999997;75498.482;9982.362000000003;1.7590000000000252;32.539;242.35500000000002;30.201999999999995;12.576;331.45199999999994;10.063000000000002;6.465999999999999;200.80499999999998;1028.438;407.57300000000004;98.45899999999997;215.61899999999997;1360.025;1056.2199999999998;655.321;61.22699999999999;1194.1919999999998;1099.341;39.96799999999996;84.35900000000001;1678.9869999999999;972992.2500000001;597628.6309999999;247.11699999999996;43.272000000000006;693.937;121.64700000000002;12.773;676.666;1450.1219999999998;159.669;1350.366;14227.241000000002;51.378;45.155;59.659;105.01;0;0;24.828;354.616;356.899;11.412;46.515;396.568;462137.5;16048.8;78.581;4.031;0;29.742;6.526;223.254;367.42;1.452;434.987;2313.208;140.716;40.995;70.165;304.563;545.625;40.631;29.737;397.427;497.313;16.146;18.102;650.968;258470;123718.6;77.501;23.513;409.1;41.318;4.649;297.043;484.079;24.171;153.1;1475.792;215.47900000000004;12.308999999999976;85.79499999999997;950.4520000000001;510.5949999999998;614.69;6.661999999999988;442.1489999999998;245.1289999999999;12.409999999999961;19.742000000000008;631.4509999999999;252384.75000000012;457861.2309999999;91.03499999999994;15.728000000000005;284.837;50.58700000000002;1.5979999999999999;156.36900000000003;598.6229999999998;134.04600000000002;762.2789999999999;10438.241000000002
2018Q4;711.617;285.84;459.669;1813.879;1734.602;864.633;151.569;2319.775;2086.445;341.416;205.848;2384.631;1115854.99;696487.2;405.617;89.994;1389.998;248.277;32.281;1209.742;1907.798;185.45;1858.41;20264.329;304.959;187.715;244.141;443.929;686.316;208.38;87.527;1136.167;972.052;298.36;125.291;693.762;142276.537;93356.207;158.687;41.688;680.649;127.597;19.362;533.1;458.767;26.387;498.766;5613.951;190.306;53.431;51.466;229.405;66.147;173.078;36.831;419.268;746.416;273.87;71.397;155.255;49650.393;78277.886;141.354;9.623;302.253;73.386;4.963;115.156;403.655;10.763;258.407;3956.8;22.722;31.458;30.706;39.258;131.972;31.305;21.832;108.132;55.593;16.521;14.866;132.197;10865.868;13626.411;15.707;1.499;35.303;20.193;1.864;99.888;44.098;8.431;19.599;614.535;91.93099999999998;102.826;161.969;175.26599999999996;488.197;3.996999999999993;28.863999999999997;608.7669999999998;170.04299999999995;7.969000000000008;39.02799999999999;406.30999999999995;81760.27600000001;1451.9099999999962;1.6259999999999977;30.566000000000006;343.093;34.018;12.534999999999997;318.05600000000004;11.014000000000024;7.193000000000001;220.76000000000005;1042.616;406.65799999999996;98.12499999999997;215.528;1369.9499999999998;1048.286;656.253;64.04199999999999;1183.6080000000002;1114.393;43.05599999999998;80.55700000000002;1690.869;973578.453;603130.993;246.93;48.306;709.349;120.67999999999999;12.919;676.6419999999999;1449.031;159.063;1359.644;14650.378;46.532;46.118;59.848;104.1;0;0;25.583;359.907;364.731;11.562;44.573;403.607;467558.5;16680.7;79.06;6.053;0;30.395;6.636;226.889;377.262;1.497;434.987;2240.717;141.076;40.939;71.552;324.877;522.148;46.745;31.033;366.543;504.476;18.204;17.258;646.661;254310;121925.5;77.497;25.481;435.1;40.18;4.798;287.694;486.05;24.835;137.207;1681.742;219.04999999999998;11.06799999999997;84.128;940.973;526.138;609.508;7.425999999999988;457.15800000000024;245.18600000000004;13.289999999999985;18.726000000000017;640.601;251709.95299999998;464524.79300000006;90.373;16.772;274.249;50.105;1.4850000000000003;162.0589999999999;585.719;132.73099999999997;787.4499999999999;10727.919
2019Q1;716.729;283.587;478.039;1832.375;1835.655;859.56;152.115;2361.169;2097.746;344.105;215.003;2419.833;1123811.2;748401.6;398.396;82.521;1296.917;253.75;31.613;1232.531;1819.732;185.766;1842.214;20487.999;302.73;191.274;274.468;446.203;753.978;197.222;88.417;1184.931;999.666;303.777;145.172;712.438;145987.509;92445.795;157.331;39.732;572.614;131.505;19.227;546.491;514.003;24.903;485.307;5802.978;190.758;52.844;57.589;237.704;66.594;179.107;38.928;428.98;739.194;272.272;71.237;154.477;51140.757;83348.529;140.069;9.848;305.276;73.094;4.899;116.359;437.001;10.552;251.813;4080.9;21.561;31.473;40.159;37.883;147.248;16.064;22.102;117.165;58.222;17.962;17.745;144.823;11825.366;8344.44;15.642;1.639;35.115;22.161;2.489;110.083;61.613;7.517;21.679;720.453;90.411;106.95700000000001;176.72000000000003;170.61599999999996;540.136;2.051000000000009;27.387000000000004;638.7860000000001;202.25000000000009;13.542999999999996;56.19;413.13800000000003;83021.386;752.8260000000028;1.620000000000001;28.245;232.223;36.25;11.838999999999999;320.049;15.389000000000067;6.833999999999999;211.81500000000003;1001.625;413.999;92.31299999999999;203.57099999999997;1386.172;1081.6770000000001;662.338;63.69800000000001;1176.2379999999998;1098.08;40.32800000000003;69.83099999999999;1707.395;977823.691;655955.8049999999;241.06500000000003;42.789;724.3029999999999;122.245;12.386;686.04;1305.7289999999998;160.863;1356.907;14685.021;40.149;46.633;59.262;103.1;0;0;26.257;361.633;359.884;11.649;44.055;406.76;469953.8;24705.2;76.485;3.273;0;31.392;6.586;225.831;372.455;1.555;422.379;2175.596;149.341;38.217;66.776;326.112;560.174;41.088;33.009;375.107;493.571;16.058;18.814;664.668;252340;134582.5;77.355;24.454;438.1;40.751;4.645;303.612;445.812;23.767;145.814;1747.348;224.50900000000001;7.462999999999987;77.53299999999997;956.96;521.5030000000002;621.25;4.432000000000002;439.49799999999976;244.6249999999999;12.62100000000003;6.961999999999989;635.967;255529.891;496668.105;87.22500000000004;15.061999999999998;286.20299999999986;50.10200000000001;1.1549999999999994;156.59699999999992;487.4619999999999;135.541;788.7139999999999;10762.077000000001
2019Q2;723.689;282.42;477.757;1854.537;1816.617;898.578;157.991;2377.938;2088.853;342.259;213.752;2447.538;1129470.33;772010.3;403.92;81.926;1267.812;250.7;31.855;1243.205;1793.359;186.081;1870.885;20380.893;301.788;193.85;279.688;443.094;763.945;224.559;92.917;1223.882;999.384;302.44;144.465;746.254;147979.151;102028.835;160.761;37.298;553.438;130.167;19.739;582.058;523.449;23.888;499.48;6012.545;196.276;52.323;63.693;234.048;65.975;182.948;41.149;437.973;730.764;270.416;69.707;152.783;51796.415;88217.851;137.977;10.279;308.421;72.651;5.066;118.033;449.293;10.641;259.695;4146.1;23.606;31.007;35.523;38.672;141.37;36.899;21.084;106.823;72.105;17.748;18.88;154.853;11865.485;12668.084;20.645;1.218;32.958;23.319;2.657;116.788;59.335;6.613;18.668;709.722;81.906;110.51999999999998;180.472;170.374;556.6;4.711999999999989;30.684;679.0860000000001;196.515;14.276;55.878000000000014;438.618;84317.251;1142.9000000000106;2.1389999999999922;25.801000000000002;212.059;34.197;12.016000000000002;347.23699999999997;14.820999999999948;6.634000000000001;221.11700000000002;1156.7229999999997;421.90099999999995;88.57000000000002;198.06900000000002;1411.443;1052.672;674.019;65.07400000000001;1154.056;1089.469;39.81900000000002;69.287;1701.284;981491.179;669981.4650000001;243.15900000000002;44.628;714.3739999999999;120.53299999999999;12.116;661.1469999999999;1269.9099999999999;162.19299999999998;1371.405;14368.348;43.472;47.07;59.417;105.17;0;0;26.933;356.992;361.032;11.257;44.038;407.011;476345.3;22205.7;76.708;3.255;0;31.358;6.942;223.696;367.649;1.462;434.985;2110.256;156.124;36.922;65.914;317.871;546.429;60.48;32.594;370.964;486.385;16.961;17.541;661.444;248690;134454.7;75.061;25.907;423.8;40.425;4.84;292.523;461.924;24.887;139.97;1599.727;222.30499999999998;4.578000000000024;72.73800000000001;988.4019999999999;506.24300000000005;613.539;5.547000000000011;426.1000000000001;242.05200000000013;11.60100000000002;7.708000000000009;632.8290000000002;256455.87900000002;513321.0650000001;91.39000000000001;15.465999999999998;290.5739999999999;48.749999999999986;0.33399999999999963;144.92799999999988;440.3369999999999;135.844;796.4499999999999;10658.365
2019Q3;767.143;281.964;480.337;1880.276;1784.633;894.935;155.885;2419.109;2106.008;341.026;213.031;2444.797;1124356.75;784127.3;395.258;86.061;1255.85;251.604;32.444;1239.63;1788.302;186.397;1870.635;20925.094;313.339;195.41;288.568;431.127;737.685;219.614;90.261;1270.814;1019.567;300.71;143.438;768.755;147156.984;105685.329;157.499;39.611;545.233;131.207;20.366;598.647;520.686;23.885;506.35;6130.974;193.175;52.332;64.123;232.23;66.355;180.86;39.486;443.733;744.462;268.745;68.946;148.976;52078.788;92008.816;137.36;10.896;322.221;72.441;5.37;120.529;485.142;10.994;250.041;4150.9;25.808;30.86;35.005;39.794;152.675;30.184;19.249;118.091;75.49;18.338;19.055;149.964;14589.801;12544.74;18.249;3.28;33.898;24.799;2.772;127.561;28.44;6.392;21.374;773.806;94.356;112.218;189.44;159.103;518.655;8.56999999999999;31.526;708.9900000000001;199.615;13.626999999999974;55.43699999999999;469.815;80488.39499999999;1131.772999999992;1.8899999999999828;25.434999999999995;189.11399999999995;33.96699999999999;12.223999999999998;350.557;7.104000000000038;6.499000000000001;234.93500000000003;1206.2680000000005;453.80400000000003;86.554;191.769;1449.1490000000001;1046.948;675.3209999999999;65.624;1148.2949999999998;1086.4409999999998;40.31600000000003;69.59300000000002;1676.042;977199.7660000001;678441.971;237.759;46.45000000000001;710.617;120.39700000000002;12.078000000000003;640.9830000000001;1267.616;162.512;1364.2849999999999;14794.12;38.93;47.778;58.389;103.93;0;0;26.099;355.818;358.812;11.321;42.614;406.078;479681;25305.7;73.756;3.429;0;32.473;7.042;221.185;362.842;1.526;429.918;2107.683;169.248;37.196;64.862;324.114;547.325;58.623;33.936;372.52;478.009;18.319;17.953;660.713;246200;131711.9;73.202;28.735;417.9;38.695;4.815;283.03;480.416;24.406;142.288;1903.818;245.62600000000003;1.5800000000000054;68.518;1021.105;499.62300000000005;616.6979999999999;5.5889999999999915;419.9569999999999;249.61999999999978;10.676000000000034;9.026000000000021;609.251;251318.76600000006;521424.37100000004;90.80099999999999;14.286000000000008;292.717;49.22900000000002;0.22100000000000275;136.7680000000001;424.358;136.57999999999998;792.0789999999998;10782.619000000002
2019Q4;811.364;280.975;467.534;1882.054;1740.263;883.091;155.827;2386.133;2075.012;339.201;203.383;2414.252;1134597.07;756759.7;394.948;88.575;1434.891;249.044;31.793;1224.364;1796.655;186.712;1913.514;21357.612;321.615;187.452;261.031;438.321;667.951;200.249;89.033;1201.604;989.606;293.866;139.404;773.61;149401.374;105585.687;157.215;39.994;715.196;129.274;19.103;582.192;520.489;25.362;546.559;6093.719;196.252;51.46;62.891;229.818;61.273;169.875;37.36;439.102;742.863;265.033;68.66;150.025;56777.955;90946.706;137.509;10.312;310.984;70.243;5.107;121.491;486.916;11.386;261.15;4076.9;20.95;29.867;29.845;38.877;136.304;28.236;18.224;114.387;66.528;18.346;18.104;139.418;12910.442;13427.562;17.856;2.646;37.031;22.337;2.462;122.303;26.863;7.432;24.869;756.511;104.413;106.12499999999999;168.29500000000002;169.626;470.374;2.1379999999999946;33.449;648.115;180.21499999999992;10.48699999999997;52.64;484.16700000000003;79712.97700000001;1211.4189999999999;1.8500000000000156;27.036;367.18100000000004;36.694;11.534000000000002;338.398;6.710000000000036;6.543999999999999;260.53999999999996;1260.308;489.749;93.52300000000002;206.503;1443.7330000000002;1072.312;682.842;66.794;1184.5289999999998;1085.4060000000002;45.335000000000036;63.97900000000001;1640.6419999999998;985195.696;651174.0129999999;237.73299999999998;48.581;719.695;119.77000000000001;12.689999999999998;642.172;1276.166;161.35;1366.955;15263.893;36.714;46.798;59.922;102.91;0;0;25.833;353.757;366.562;11.133;42.741;405.514;481341.9;16723.1;75.446;3.761;0;33.864;6.861;222.302;358.035;1.484;434.99;2328.862;157.758;35.865;64.03;316.838;541.85;57.995;32.689;369.975;465.628;19.662;15.544;625.305;246700;130380.7;74.389;29.212;423.9;36.167;4.465;270.73;506.748;23.711;144.018;2001.913;295.27700000000004;10.86000000000002;82.55099999999999;1023.9850000000001;530.4619999999999;624.847;8.271999999999998;460.7969999999997;253.21600000000018;14.540000000000042;5.694000000000013;609.8229999999998;257153.79599999997;504070.21299999993;87.89799999999998;15.608;295.7950000000001;49.739000000000004;1.363999999999998;149.14;411.38299999999987;136.15499999999997;787.9469999999999;10933.117999999999
2020Q1;862.372;289.889;492.437;1949.714;1889.221;878.908;168.13;2444.402;2120.158;338.126;213.612;2438.649;1139877.95;825031.2;403.586;91.513;1467.767;253.858;33.434;1259.789;1850.946;189.399;1898.879;21795.03;300.739;191.904;275.477;474.597;747.61;203.497;99.914;1230.342;1015.335;292.957;144.933;754.416;149440.542;115089.206;163.363;38.148;737.487;133.375;20.4;589.003;470.193;24.826;534.742;6331.405;196.103;51.944;60.762;236.918;62.492;168.009;40.666;438.634;721.507;264.716;82.454;151.111;56398.897;98708.206;136.822;8.486;340.513;69.698;5.209;123.47;255.298;10.854;251.507;4117.9;25.797;34.198;37.983;52.901;224.632;33.051;21.391;137.755;84.973;18.687;19.071;148.77;14132.468;15025.424;24.05;3.404;46.502;27.234;3.167;135.07;140.173;7.01;21.606;889.585;78.83899999999997;105.76199999999997;176.73199999999997;184.77799999999996;460.48600000000005;2.437000000000026;37.857000000000006;653.9530000000001;208.85500000000008;9.553999999999984;43.408;454.5350000000001;78909.177;1355.575999999999;2.490999999999996;26.258000000000003;350.472;36.443000000000005;12.024;330.463;74.72199999999998;6.9620000000000015;261.62899999999996;1323.92;561.633;97.98500000000001;216.96000000000004;1475.117;1141.6109999999999;675.4110000000001;68.216;1214.06;1104.8229999999999;45.16899999999998;68.679;1684.2329999999997;990437.4079999999;709941.994;240.223;53.365;730.2800000000001;120.483;13.033999999999999;670.786;1380.753;164.573;1364.137;15463.625;80.781;48.003;62.044;106.36;0;0;26.378;362.186;371.076;11.484;42.818;424.305;485918.1;32060;71.817;6.79;0;34.472;6.451;226.5;359.712;1.445;437.999;2978.372;180.394;36.307;69.17;361.379;605.053;54.285;34.054;375.912;480.783;20.951;16.864;666.879;246290;145966.4;74.702;36.641;455.4;36.219;4.53;283.733;566.072;23.183;146.167;2252.408;300.458;13.675000000000011;85.74600000000005;1007.378;536.5579999999999;621.1260000000001;7.783999999999992;475.96200000000005;252.96399999999983;12.73399999999998;8.997000000000003;593.0489999999996;258229.30799999996;531915.5939999999;93.70400000000001;9.934000000000005;274.8800000000001;49.791999999999994;2.052999999999999;160.55299999999994;454.96899999999994;139.94500000000002;779.9709999999999;10232.845000000001
2020Q2;927.777;316.714;524.572;2320.38;2265.056;1053.216;176.815;2643.359;2290.476;342.371;225.787;2534.92;1187936.04;869067.4;442.06;118.142;1424.342;258.975;36.935;1326.196;1886.592;192.085;2091.233;24495.401;324.475;210.009;295.032;513.046;849.702;316.083;105.421;1317.533;1065.069;286.012;139.676;752.819;155146.338;122653.786;185.468;37.461;665.961;130.782;22.516;597.377;474.649;22.549;541.977;6111.674;202.421;55.163;61.497;250.65;60.963;174.032;44.992;454.924;720.08;264.754;68.313;155.802;56131.919;103291.036;143.183;5.22;297.639;69.503;5.37;131.325;225.039;11.137;258.385;4147.1;35.454;36.431;46.052;57.983;224.542;34.684;22.949;151.637;94.968;18.497;21.147;166.911;15853.999;17760.426;27.41;2.489;36.826;27.158;4.043;139.667;118.097;8.031;20.826;831.556;86.60000000000002;118.415;187.48299999999998;204.41300000000007;564.197;107.36700000000002;37.480000000000004;710.972;250.0209999999999;2.7609999999999815;50.21599999999999;430.10599999999994;83160.42;1602.3240000000005;14.874999999999996;29.752;331.496;34.12100000000001;13.102999999999998;326.385;131.51300000000003;3.3809999999999985;262.76599999999996;1133.0179999999996;603.302;106.70500000000001;229.54000000000002;1807.334;1415.354;737.1329999999998;71.39399999999999;1325.826;1225.4070000000002;56.35899999999998;86.11100000000002;1782.101;1032789.702;746413.6140000001;256.592;80.681;758.3810000000001;128.193;14.419000000000004;728.819;1411.9430000000002;169.536;1549.2560000000003;18383.727000000003;105.684;57.337;74.452;317.92;0;0;29.58;408.988;424.142;17.946;46.263;487.857;509173.3;38698.4;85.969;28.051;0;40.61;7.875;269.526;361.389;1.435;609.441;4197.404;222.8;38.251;71.814;471.613;863.905;93.585;34.969;427.985;547.146;24.429;19.679;691.535;267240;149529.1;75.778;41.362;465.6;39.118;4.642;307.088;571.605;22.566;139.695;3668.181;274.81800000000004;11.117000000000012;83.27400000000003;1017.8009999999999;551.4490000000001;643.5479999999998;6.844999999999992;488.85299999999995;254.11900000000014;13.983999999999984;20.169000000000022;602.7090000000002;256376.40200000006;558186.1140000001;94.84499999999998;11.267999999999994;292.78100000000006;48.46500000000001;1.9020000000000037;152.20499999999993;478.94900000000007;145.535;800.1200000000003;10518.142000000002
2020Q3;987.103;301.253;516.227;2322.26;2173.144;1070.01;172.098;2677.932;2364.871;346.219;227.158;2588.277;1207809.86;882050.5;441.718;137.168;1407.258;266.14;36.763;1343.508;1944.196;194.771;2160.748;25035.031;389.025;195.186;288.549;530.306;789.318;326.827;98.516;1355.51;1116.87;287.629;134.788;773.347;157597.09;129507.577;179.421;38.938;645.102;133.261;21.684;595.362;490.426;19.657;549.552;6152.834;208.162;56.189;61.51;263.572;61.284;211.646;43.952;453.994;709.616;264.561;66.699;166.062;57402.239;99184.851;144.751;11.158;348.167;68.362;5.241;137.998;242.277;12.687;263.974;4198.9;42.984;37.627;43.763;58.433;207.679;31.732;22.201;146.155;109.193;19.492;19.898;174.412;14938.404;21413.128;24.993;2.688;34.141;26.017;4.099;143.991;107.581;4.905;24.099;808.307;137.87899999999996;101.37;183.27599999999998;208.30100000000004;520.355;83.44900000000001;32.36300000000001;755.361;298.0609999999999;3.5760000000000396;48.19100000000002;432.87299999999993;85256.447;8909.598000000009;9.676999999999989;25.092000000000002;262.794;38.882000000000005;12.344000000000001;313.37299999999993;140.56799999999998;2.0650000000000004;261.47900000000004;1145.6270000000002;598.078;106.06699999999998;227.678;1791.9540000000002;1383.8259999999998;743.183;73.58200000000001;1322.4219999999998;1248.0010000000002;58.589999999999975;92.36999999999998;1814.93;1050212.77;752542.923;262.297;98.23;762.1560000000001;132.879;15.078999999999997;748.1460000000001;1453.77;175.11399999999998;1611.196;18882.197;96.906;61.966;79.075;361.63;0;0;31.992;449.747;468.723;22.696;50.418;529.398;529956.3;30548.7;93.775;47.636;0;45.39;9.15;292.135;363.066;1.414;674.858;4445.477;273.988;34.613;71.262;431.159;823.948;91.935;34.413;427.585;519.734;24.76;20.377;692.42;276500;148381;71.926;44.984;467.7;38.745;4.457;306.613;574.849;22.29;130.933;3680.792;227.18399999999997;9.487999999999978;77.34100000000001;999.1650000000001;559.8779999999998;651.248;7.177000000000007;445.08999999999975;259.5440000000002;11.133999999999975;21.574999999999978;593.1120000000002;243756.46999999997;573613.223;96.59600000000002;5.609999999999999;294.4560000000001;48.74399999999999;1.4719999999999969;149.39800000000008;515.8549999999999;151.41;805.405;10755.928000000002
2020Q4;1039.316;316.36;515.53;2354.228;2149.655;1076.709;178.148;2662.105;2346.955;350.798;217.885;2576.629;1220382.87;866222.8;435.565;145.195;1563.851;269.578;37.47;1346.916;2015.37;197.457;2226.332;25710.881;418.498;202.618;283.314;550.371;691.237;321.313;100.104;1331.191;1067.615;285.684;124.313;772.503;168697.344;129916.448;165.191;39.641;787.896;132.483;21.558;589.91;529.638;19.307;582.51;6152.427;211.336;59.561;63.116;271.494;58.384;245.432;44.623;462.187;720.047;266.337;65.632;175.449;60450;92194.188;148.836;15.585;370.871;70.328;5.397;146.495;245.211;13.172;272.084;4186.5;48.863;36.166;41.835;68.353;151.71;30.863;23.022;142.241;97.469;19.306;18.289;165.737;15933.199;19830.939;11.79;2.741;30.646;26.571;3.948;144.627;125.194;4.318;29.676;813.727;158.29899999999998;106.89099999999999;178.36300000000003;210.52399999999994;481.1429999999999;45.018;32.459;726.763;250.099;0.0410000000000359;40.391999999999996;431.3170000000001;92314.14500000002;17891.32100000001;4.564999999999991;21.314999999999998;386.37899999999996;35.584;12.213000000000001;298.78799999999995;159.233;1.8169999999999984;280.75;1152.1999999999998;620.818;113.74200000000002;232.21599999999995;1803.857;1458.4180000000001;755.3960000000001;78.044;1330.914;1279.34;65.11399999999998;93.57199999999999;1804.1259999999997;1051685.526;736306.3520000001;270.374;105.554;775.9550000000002;137.09499999999997;15.911999999999999;757.006;1485.732;178.15;1643.822;19558.454;114.167;67.639;85.965;390.77;0;0;35.874;473.776;522.392;26.368;54.62;556.18;535509.8;25939.9;105.994;58.558;0;49.959;10.33;313.285;364.743;1.422;724.937;4688.916;228.519;36.052;64.64;419.775;821.18;100.485;34.271;399.73;505.373;27.425;19.462;654.991;275830;146744.2;68.3;42.227;462.6;37.784;4.301;301.408;662.512;22.399;117.791;3669.525;278.13199999999995;10.051000000000023;81.61099999999995;993.312;637.2380000000002;654.9110000000001;7.898999999999994;457.4079999999999;251.57499999999987;11.32099999999998;19.48999999999999;592.9549999999999;240345.72600000002;563622.2520000001;96.08000000000003;4.7690000000000055;313.35500000000013;49.35199999999997;1.2809999999999988;142.31299999999993;458.4770000000001;154.329;801.0939999999998;11200.013
2021Q1;1077.043;327.899;537.648;2379.389;2512.533;1052.763;179.729;2750.648;2376.264;353.915;230.416;2655.799;1213353.94;899869.4;440.127;154.372;1482.783;274.306;40.205;1395.208;2025.089;198.181;2244.344;26088.572;413.775;192.271;284.024;537.961;786.161;283.345;97.424;1298.794;1074.47;281.549;131.632;810.708;168040.795;141160.989;168.079;43.613;673.593;136.313;22.569;586.81;456.212;21.703;590.887;6173.739;221.407;58.978;64.527;269.634;109.67;229.456;46.972;452.964;719.17;263.552;68.523;178.33;62287.013;100505.455;148.255;13.702;373.46;70.732;6.348;143.389;257.427;13.333;283.084;4202.1;47.221;33.932;44.416;65.197;185.14;29.297;21.947;150.549;99.622;17.959;22.648;176.54;19502.742;22390.583;19.748;2.949;29.502;28.839;4.583;146.194;108.031;7.016;23.988;879.873;145.14699999999996;99.36099999999998;175.08100000000002;203.13;491.351;24.592000000000038;28.505000000000006;695.2810000000002;255.67800000000005;0.03799999999995762;40.46100000000001;455.83799999999997;86251.04000000001;18264.951;0.07600000000001117;26.962000000000003;270.631;36.74199999999999;11.638;297.227;90.75399999999996;1.3539999999999992;283.81499999999994;1091.7659999999992;663.2679999999999;135.62800000000001;253.62400000000002;1841.428;1726.3719999999998;769.4179999999999;82.305;1451.854;1301.794;72.36600000000004;98.78399999999999;1845.091;1045313.1449999999;758708.4110000001;272.048;110.75900000000001;809.1899999999999;137.993;17.636;808.3980000000001;1568.877;176.478;1653.457;19914.833;170.055;71.209;95.39;429.82;0;0;38.488;516.944;561.444;23.139;49.339;588.1;532165.2;33927.6;113.476;65.543;0;53.381;10.757;328.623;381.914;1.365;774.143;4942.277;181.809;35.773;63.709;384.801;1061.728;121.405;34.856;416.936;480.026;28.819;19.749;670.436;266470;175945.7;66.605;39.44;461.4;35.276;4.507;330.361;713.617;22.281;109.326;3846.915;311.4039999999999;28.646000000000008;94.52500000000003;1026.8070000000002;664.6439999999998;648.0129999999999;8.961000000000006;517.9740000000002;260.3240000000001;20.408000000000047;29.695999999999994;586.555;246677.94499999995;548835.111;91.967;5.7760000000000105;347.78999999999996;49.33599999999999;2.372;149.41400000000016;473.346;152.832;769.988;11125.641
2021Q2;1116.087;335.38;546.836;2487.717;2516.927;1067.222;181.031;2773.327;2426.443;363.75;234.525;2701.453;1221933.63;917537.5;448.088;150.386;1378.276;276.536;39.52;1427.032;1996.451;198.906;2316.575;26250.635;411.916;192.647;285.139;585.802;788.611;291.971;95.692;1313.304;1073.882;283.301;131.944;819.046;170313.217;153428.914;165.138;39.893;620.629;135.525;20.999;598.288;422.034;21.047;620.648;6698.861;224.895;63.142;67.894;286.941;106.847;208.686;49.933;468.958;726.877;266.014;68.74;182.433;60851.957;107703.209;146.325;11.557;384.72;73.39;6.416;147.631;253.496;15.801;281.967;4215.9;45.837;34.707;47.461;72.861;169.232;30.941;21.236;149.479;85.605;17.25;20.748;165.648;17796.468;14450.55;18.741;2.344;28.865;28.682;4.213;146.372;98.308;4.397;25.618;809.796;141.18399999999997;94.798;169.784;226.00000000000006;512.532;52.343999999999994;24.522999999999993;694.867;261.4000000000001;0.03699999999997772;42.45599999999999;470.96500000000003;91664.79200000002;31275.154999999988;0.07200000000001694;25.991999999999997;207.04399999999998;33.453;10.369999999999997;304.285;70.22999999999998;0.8490000000000002;313.06300000000005;1673.1650000000002;704.171;142.733;261.697;1901.915;1728.3160000000003;775.251;85.33900000000001;1460.0230000000001;1352.5610000000001;80.44900000000001;102.58100000000002;1882.407;1051620.413;764108.586;282.95000000000005;110.493;757.647;141.011;18.521000000000004;828.7439999999999;1574.417;177.859;1695.9269999999997;19551.773999999998;210.196;77.965;103.595;440.84;0;0;41.757;551.696;620.473;27.388;52.738;619.829;529965.4;30917.9;124.376;61.246;0;57.414;11.706;355.164;399.084;1.343;807.801;5183.385;152.926;35.827;64.427;382.943;1044.776;116.035;34.935;403.354;481.517;33.461;17.722;676.149;269290;181916.6;65.851;37.286;433.5;35.898;4.513;323.259;671.722;22.502;110.796;3634.729;341.04900000000004;28.941000000000003;93.675;1078.132;683.5400000000002;659.216;8.647000000000013;504.9730000000001;250.5710000000002;19.60000000000001;32.121000000000016;586.429;252365.01299999992;551274.086;92.72300000000004;11.960999999999991;324.14700000000005;47.69899999999999;2.302000000000005;150.3209999999999;503.6109999999999;154.014;777.3299999999996;10733.659999999998
2021Q3;1158.795;333.64;548.476;2517.975;2433.296;1076.573;182.161;2844.625;2460.511;367.001;236.299;2713.647;1218033.4;930264.6;443.269;160.485;1418.788;270.589;40.192;1434.673;1943.894;199.63;2353.046;26314.868;414.299;189.379;291.566;600.055;749.387;296.123;90.458;1335.698;1053.054;283.363;130.606;815.244;172082.867;161673.562;157.255;47.289;654.502;126.955;20.884;601.103;381.815;20.576;630.444;6755.417;229.811;58.438;69.375;288.619;109.873;191.667;46.112;486.663;737.202;267.423;71.004;200.091;62341.578;115219.518;148.187;14.383;403.935;74.154;6.636;157.75;233.287;16.391;293.403;4207.9;42.6;33.777;43.97;71.996;91.601;35.149;17.71;148.46;75.66;15.906;21.416;154.093;16817.853;15864.15;9.033;3.136;29.739;26.283;3.642;141.859;100.867;3.507;24.667;832.266;141.88799999999998;97.16399999999997;178.22099999999998;239.43999999999994;547.9129999999999;69.30699999999999;26.635999999999996;700.575;240.1920000000001;0.033999999999997144;38.18599999999999;461.06000000000006;92923.43599999999;30589.894000000008;0.034999999999984155;29.770000000000007;220.82799999999995;26.518;10.606000000000002;301.4939999999999;47.66099999999999;0.6780000000000022;312.3739999999999;1715.2510000000007;744.4960000000001;144.261;256.91;1917.92;1683.9089999999999;780.45;91.703;1508.927;1407.4569999999999;83.63799999999998;105.69300000000001;1898.4029999999998;1045950.5329999999;768591.038;286.014;113.19600000000001;764.2860000000001;143.63400000000001;19.308;833.57;1562.079;179.054;1722.6019999999999;19559.450999999997;261.919;81.575;107.208;457.96;0;0;46.669;596.585;669.659;31.22;55.718;652.74;528029.5;29112.4;129.728;65.331;0;62.793;12.799;374.545;416.255;1.352;835.951;5431.056;140.345;33.677;60.715;379.027;1004.113;112.755;35.606;402.258;484.986;33.59;16.707;668.589;269130;182364.4;65.279;36.302;438.3;34.087;4.162;302.229;598.637;22.004;101.789;3151.186;342.2320000000001;29.008999999999993;88.98700000000002;1080.933;679.7959999999998;667.695;9.428000000000004;510.0839999999999;252.8119999999999;18.827999999999975;33.26800000000001;577.0739999999997;248791.03299999994;557114.2379999999;91.007;11.56300000000001;325.98600000000005;46.754000000000005;2.3470000000000004;156.79600000000005;547.1870000000001;155.698;784.8619999999999;10977.208999999997
2021Q4;1185.387;334.713;548.775;2548.598;2566.752;1039.517;182.213;2826.726;2502.817;364.141;236.127;2685.173;1220737.79;945734.6;449.62;165.956;1787.432;268.189;38.93;1429.404;2004.815;200.354;2402.766;27130.289;401.683;186.389;284.152;638.793;793.376;241.09;85.114;1291.532;1038.353;280.606;129.637;785.802;183413.373;171373.4;155.219;53.092;1001.585;121.826;19.827;587.199;376.235;21.796;638.482;6872.62;241.04;54.217;71.032;316.766;109.478;169.744;41.484;504.06;751.232;267.401;74.125;222.158;62449.655;118461.928;150.461;17.314;417.155;75.002;6.931;170.628;210.944;14.041;298.392;4117.7;36.794;30.792;42.251;72;93.931;35.076;16.913;131.363;59.775;13.176;21.627;137.309;15150.491;14883.148;4.74;3.952;27.339;23.71;3.086;139.229;137.336;6.286;19.373;831.936;123.849;101.38000000000002;170.869;250.027;589.967;36.27;26.717000000000002;656.1089999999999;227.3460000000001;0.028999999999983928;33.885000000000005;426.33500000000004;105813.227;38028.32399999999;0.017999999999981142;31.826;557.0910000000001;23.113999999999997;9.81;277.342;27.955000000000013;1.4689999999999994;320.717;1922.984;783.704;148.324;264.623;1909.8049999999998;1773.376;798.427;97.09899999999999;1535.1940000000002;1464.464;83.53500000000003;106.49000000000001;1899.3709999999996;1037324.417;774361.2;294.401;112.86399999999999;785.847;146.36300000000003;19.102999999999998;842.205;1628.58;178.55800000000002;1764.284;20257.669;282.34;86.048;113.612;467.64;0;0;50.786;622.821;716.004;32.836;57.959;676.721;521119.5;27306.9;139.264;64.678;0;66.985;13.093;393.726;433.425;1.355;874.947;5652.272;131.366;35.602;61.936;374.375;1033.961;110.215;35.679;403.921;497.968;29.935;16.779;659.442;267560;180031.9;63.324;33.923;446.3;33.796;3.653;281.458;618.932;22.305;107.591;3456.024;369.99799999999993;26.674000000000014;89.07499999999999;1067.79;739.415;688.212;10.633999999999986;508.45200000000017;250.4919999999999;20.764000000000028;31.752000000000006;563.2079999999996;248644.91700000002;567022.3999999999;91.813;14.262999999999991;339.54699999999997;45.58200000000003;2.356999999999998;167.02100000000002;576.223;154.89800000000002;781.7460000000001;11149.373000000001
2022Q1;1204.273;349.278;562.336;2556.904;2684.15;977.296;185.587;2913.352;2504.867;368.392;235.182;2764.32;1252556.48;989939.4;447.038;166.048;1627.2;274.942;40.344;1456.014;1956.211;198.568;2385.467;27859.012;408.014;196.083;293.952;630.459;739.168;214.783;85.363;1350.821;1034.442;281.074;123.815;789.2;180834.514;181180.964;162.696;54.964;811.943;125.31;21.358;594.874;305.492;22.498;656.897;6700.91;252.774;56.956;72.369;308.207;110.391;172.52;42.134;499.86;733.642;266.829;68.665;220.92;64287.114;122635.558;155.151;15.65;404.149;76.283;6.928;171.024;203.451;21.958;321.727;4025.3;32.894;32.265;40.217;70.933;96.088;34.313;17.986;140.244;63.788;14.214;20.42;142.158;18862.732;16742.077;7.516;4.657;33.584;22.946;4.777;137.354;84.783;0.438;24.016;948.556;122.346;106.86200000000001;181.36599999999999;251.31899999999996;532.6890000000001;7.949999999999974;25.243;710.7169999999999;237.01199999999994;0.031000000000004135;34.72999999999999;426.12200000000007;97684.66799999999;41803.329;0.02899999999998748;34.657;374.21;26.081;9.652999999999999;286.496;17.258000000000024;0.1020000000000027;311.15400000000005;1727.0539999999996;796.2589999999999;153.19500000000002;268.384;1926.4450000000002;1944.982;762.513;100.22399999999999;1562.531;1470.4250000000002;87.31799999999998;111.36699999999999;1975.1200000000001;1071721.966;808758.436;284.342;111.084;815.2570000000001;149.632;18.986;861.1399999999999;1650.719;176.07000000000002;1728.5700000000002;21158.102;282.623;90.857;116.802;448.31;2.52;0;53.732;649.256;737.978;35.01;57.195;703.514;526173.6;25501.4;134.924;64.834;0;69.149;13.41;405.886;414.412;1.216;847.006;5760.03;117.31;33.918;63.793;374.746;1128.373;81.115;36.126;407.571;481.772;29.345;13.826;687.337;285800;203191;65.211;29.648;455.2;35.287;3.8;288.488;633.789;22.205;107.286;3413.749;396.32599999999996;28.420000000000023;87.78899999999999;1103.3890000000001;814.0889999999999;681.398;10.365999999999993;505.70399999999995;250.67500000000024;22.962999999999987;40.34599999999999;584.2690000000002;259748.36600000004;580066.036;84.20699999999998;16.602;360.0570000000001;45.196000000000005;1.7760000000000007;166.76599999999985;602.518;152.649;774.2780000000002;11984.323
2022Q2;1245.724;355.292;573.411;2573.085;2793.661;972.873;189.295;2920.15;2542.827;369.817;236.61;2777.098;1269623.62;975404.3;458.172;168.72;1741.326;279.632;41.154;1477.522;1930.495;196.781;2435.127;27761.005;413.637;198.447;298.207;608.674;758.048;203.673;89.159;1351.045;1036.31;280.466;129.094;771.349;188016.933;187490.152;172.092;56.051;922.948;128.494;21.671;588.584;314.185;24.652;704.239;6616.909;272.517;62.743;78.043;307.366;110.783;184.101;45.861;528.421;748.364;265.978;76.153;229.435;66543.204;131794.92;159.242;15.923;436.978;77.286;8.134;178.867;208.129;23.795;376.276;3855.3;34.839;32.469;41.009;71.574;122.686;15.89;19.861;133.255;56.389;14.458;19.849;162.947;19381.32;20638.051;12.801;5.681;39.269;22.825;4.354;132.156;101.815;0.695;20.253;890.045;106.281;103.23500000000001;179.15499999999997;229.73399999999998;524.579;3.682000000000002;23.43700000000001;689.369;231.5569999999999;0.02999999999999936;33.091999999999985;378.967;102092.40899999999;35057.18099999999;0.04900000000002258;34.447;446.70099999999996;28.383;9.183;277.561;4.241000000000014;0.16199999999999937;307.71000000000004;1871.5639999999994;832.087;156.84499999999997;275.20399999999995;1964.411;2035.613;769.2;100.13599999999998;1569.105;1506.5170000000003;89.351;107.51600000000002;2005.7489999999998;1081606.6870000002;787914.148;286.08000000000004;112.669;818.378;151.138;19.483000000000004;888.938;1616.31;172.12900000000002;1730.888;21144.096;273.446;94.131;120.747;421.99;2.52;0;53.839;649.72;759.385;34.778;59.341;713.552;542452.7;23695.9;140.701;63.986;0;71.85;13.838;414.165;395.399;1.119;847.006;5763.933;127.195;33.68;65.521;402.517;1190.475;86.245;36.847;420.975;485.428;29.51;12.571;691.794;281910;205785.1;64.055;30.356;463.7;34.442;3.987;300.32;679.267;22.727;106.073;3146.07;431.44599999999997;29.03399999999997;88.93599999999994;1139.904;842.6180000000002;682.955;9.449999999999982;498.40999999999997;261.7040000000003;25.063;35.60400000000002;600.4029999999997;257243.9870000002;558433.148;81.32400000000004;18.326999999999998;354.67800000000005;44.84600000000001;1.6580000000000048;174.45299999999997;541.644;148.28300000000002;777.809;12234.093
2022Q3;1262.723;356.297;574.685;2600.78;2983.299;968.601;190.444;2961.255;2556.375;368.156;236.11;2745.116;1266214.36;953550.5;450.982;173.501;1907.682;278.819;41.906;1505.975;1988.476;194.995;2444.171;28194.438;419.47;199.203;306.799;606.3;862.392;203.205;90.887;1387.842;1038.727;276.657;127.03;751.316;196534.045;192792.785;169.099;58.591;1094.121;126.832;22.22;597.743;318.755;26.778;680.084;6421.214;286.157;68.259;82.927;309.767;111.271;174.316;50.03;567.968;755.05;265.292;75.664;233.838;69446.213;141111.726;153.46;16.289;470.547;78.18;8.744;190.432;229.605;21.747;426.516;3713.7;30.699;33.617;41.929;70.451;210.074;23.455;18.329;134.754;54.991;11.341;17.631;149.504;19970.532;19812.761;12.805;5.636;42.41;21.3;4.707;127.288;85.586;4.079;23.682;916.026;102.61400000000005;97.32700000000003;181.94299999999996;226.08199999999997;541.047;5.434000000000012;22.528;685.1200000000001;228.68600000000015;0.02400000000000979;33.735;367.97400000000005;107117.30000000002;31868.29800000001;2.833999999999982;36.666;581.1640000000001;27.351999999999986;8.768999999999998;280.023;3.564000000000007;0.9519999999999991;229.88599999999994;1791.4880000000003;843.2529999999999;157.09400000000002;267.88599999999997;1994.4800000000002;2120.907;765.396;99.55699999999999;1573.413;1517.648;91.49900000000002;109.08000000000001;1993.8;1069680.3150000002;760757.715;281.88300000000004;114.91;813.5609999999999;151.98700000000002;19.686;908.2319999999999;1669.721;168.217;1764.087;21773.224;266.734;93.595;118.268;398.35;2.66;0;52.904;659.929;741.36;35.491;60.516;716.221;545521.1;21890.4;135.995;63.18;0.2;73.041;14.111;423.69;376.386;1.135;837.877;5671.848;124.276;33.584;64.214;419.859;1266.937;83.125;36.467;423.459;512.999;29.243;12.148;678.465;259530;206164;61.202;32.635;464.4;33.711;3.894;304.794;676.874;22.769;95.968;2862.32;452.243;29.91500000000002;85.40399999999997;1176.2710000000002;851.3100000000004;682.271;10.185999999999986;490.02500000000003;263.2889999999999;26.765000000000025;36.41600000000001;599.1139999999999;264629.2150000002;532703.315;84.68600000000004;19.095;348.9609999999999;45.23500000000003;1.6809999999999992;179.74799999999988;616.461;144.31300000000002;830.2420000000001;13239.055999999999
2022Q4;1268.571;351.129;578.336;2629.466;2997.632;969.223;197.022;2953.624;2569.897;368.005;224.78;2762.908;1271760.69;963399.8;480.465;179.674;2083.819;271.358;41.395;1504.105;1972.413;193.208;2516.819;28499.037;429.769;200.901;308.9;626.362;893.744;209.972;94.661;1389.484;1040.734;272.898;120.218;740.812;196317.282;197579.674;191.182;66.429;1239.421;121.718;21.049;585.867;296.038;25.072;720.127;6436.248;292.996;70.89;83.917;309.655;167.095;140.667;51.933;586.131;743.215;262.679;74.117;225.418;70223.216;129080.362;160.282;14.923;447.646;77.928;8.546;192.563;233.548;20.335;442.068;3667.4;32.622;29.822;40.129;69.432;169.315;27.628;17.285;131.864;53.031;10.197;15.211;137.976;18748.312;17737.445;14.936;4.852;41.785;19.339;4.126;121.898;59.991;3.84;22.715;920.119;104.15100000000002;100.18900000000002;184.85399999999998;247.27499999999998;557.3340000000001;41.67700000000001;25.443;671.4889999999999;244.4879999999999;0.022000000000051756;30.89;377.418;107345.754;50761.867000000006;15.963999999999977;46.653999999999996;749.9900000000001;24.451000000000008;8.376999999999999;271.40599999999995;2.4990000000000094;0.8969999999999985;255.34399999999997;1848.7289999999994;838.8019999999999;150.228;269.43600000000004;2003.1039999999998;2103.888;759.251;102.36099999999999;1564.1399999999999;1529.163;95.10699999999997;104.562;2022.096;1075443.4079999998;765820.126;289.283;113.245;844.3979999999999;149.64;20.346000000000004;918.238;1676.375;168.136;1796.692;22062.789;262.933;91.489;119.137;377.64;2.8;0;54.127;657.502;742.514;35.34;58.608;721.051;564155.7;20084.9;141.515;61.602;0;70.477;14.322;420.699;357.373;1.112;830.829;5500.834;117.472;30.132;65.703;422.637;1221.429;73.325;37.627;431.115;509.376;31.737;11.167;671.559;244520;197735.4;61.421;30.936;466.5;31.517;3.897;305.589;689.791;22.092;93.629;2644.285;458.39699999999993;28.607000000000003;84.59600000000003;1202.827;879.6589999999997;685.9259999999999;10.606999999999985;475.5229999999999;277.273;28.02999999999997;34.787;629.4860000000001;266767.70799999987;547999.826;86.34700000000004;20.707000000000008;377.8979999999999;47.64599999999999;2.1270000000000047;191.95000000000005;629.2109999999999;144.93200000000002;872.234;13917.670000000002
2023Q1;1272.151;368.358;599.986;2619.045;3099.459;968.562;198.704;3019.349;2597.356;366.941;223.627;2795.989;1285301;1030624.6;474.436;186.522;1889.957;278.104;42.37;1536.723;1940.843;194.932;2538.574;28813.732;436.417;211.502;327.187;611.83;846.343;236.608;97.288;1441.223;1092.551;273.019;123.833;733.423;193493.903;197498.711;187.739;69.458;1027.165;120.782;22.384;587.304;272.569;23.132;677.054;6685.971;289.139;64.514;81.357;317.122;160.265;142.737;50.393;556.153;714.95;262.915;72.441;209.066;69227.826;134567.993;167.965;15.221;465.429;77.348;8.555;178.319;231.168;21.487;413.822;3769.9;138.466;36.261;59.13;102.949;130.667;56.702;20.565;223.197;92.262;10.083;20.333;173.824;16800.011;25096.751;9.558;9.855;82.514;20.352;4.735;156.553;39.745;1.333;47.405;1941.212;8.811999999999955;110.727;186.70000000000002;191.75900000000001;555.411;37.16900000000001;26.329999999999995;661.8729999999999;285.3389999999999;0.02099999999998481;31.058999999999997;350.53299999999996;107466.06599999999;37833.96700000002;10.216000000000001;44.38199999999999;479.222;23.081999999999997;9.094000000000001;252.43200000000002;1.656000000000013;0.31200000000000316;215.82699999999997;974.8589999999995;835.7340000000002;156.856;272.799;2007.2150000000001;2253.116;731.954;101.41600000000001;1578.1260000000002;1504.8050000000003;93.92199999999997;99.79400000000001;2062.566;1091807.097;833125.889;286.697;117.064;862.7920000000001;157.322;19.985999999999997;949.419;1668.2740000000001;171.79999999999998;1861.52;22127.761;275.171;94.247;120.346;354.48;2.8;0;54.857;654.056;741.587;33.664;55.384;720.999;581720.6;18279.4;134.809;61.679;0;70.993;13.945;420.456;354;1.145;817.151;5329.303;128.249;31.088;66.211;439.614;1341.869;48.865;37.939;440.612;480.65;32.099;10.24;669.135;243340;214762.8;59.591;32.427;472.8;31.706;3.943;313.766;774.904;21.719;102.16;2533.724;432.3140000000001;31.520999999999994;86.24199999999998;1213.121;908.4469999999999;683.0889999999999;8.620000000000012;483.45800000000014;282.5680000000003;28.15899999999997;34.17000000000001;672.4319999999998;266746.4970000001;600083.689;92.297;22.95799999999999;389.99200000000013;54.623000000000005;2.0979999999999968;215.19699999999995;539.3700000000001;148.93599999999998;942.2090000000002;14264.733999999999
2023Q2;1280.691;366.445;604.353;2663.74;3150.74;984.187;203.719;3053.172;2595.555;369.346;223.081;2854.203;1292819.36;1037584.7;470.162;173.321;1791.897;278.906;42.629;1570.119;1892.965;196.656;2636.694;29348.658;418.367;207.428;336.007;647.934;856.947;238.831;102.593;1489.445;1133.126;274.936;123.267;766.815;197625.612;216803.144;185.168;71.973;953.979;117.729;22.17;612.226;277.937;26.947;730.679;6724.757;300.436;62.567;83.603;319.323;161.295;140.355;53.082;574.071;723.715;262.773;72.055;205.543;74006.371;136360.762;174.743;15.774;473.848;77.067;8.644;175.186;239.182;16.04;433.93;3769.2;110.873;37.409;61.338;103.168;130.464;61.581;21.848;236.58;81.291;12.137;18.939;184.073;21178.098;30978.92;5.039;10.686;83.271;19.104;4.855;165.841;37.205;8.841;51.37;1893.754;7.058000000000035;107.452;191.066;225.44299999999998;565.1880000000001;36.894999999999996;27.663000000000004;678.7939999999999;328.11999999999995;0.025999999999953616;32.27299999999999;377.19900000000007;102441.143;49463.462000000014;5.386000000000012;45.513;396.86;21.558000000000007;8.671000000000001;271.19899999999996;1.5500000000000256;2.0660000000000007;245.37899999999996;1061.8029999999999;862.3240000000001;159.017;268.34599999999995;2015.8059999999998;2293.7929999999997;745.356;101.12599999999999;1563.727;1462.4289999999999;94.41000000000003;99.814;2087.388;1095193.7480000001;820781.556;284.99399999999997;101.348;837.9179999999999;161.17700000000002;20.458999999999996;957.8929999999999;1615.0279999999998;169.709;1906.0149999999999;22623.900999999998;251.703;94.662;117.541;327.05;2.8;0;53.208;646.609;719.981;33.72;54.934;723.212;582872.9;16473.9;136.637;50.003;0;71.771;14.065;420.778;338;1.189;803.255;5145.08;133.206;31.868;65.831;453.886;1387.718;56.505;38.617;445.501;458.449;33.282;10.399;648.091;241010;222248.9;59.003;29.345;449.8;31.46;3.999;307.439;670.828;22.712;109.707;2678.297;477.4150000000001;32.486999999999995;84.97399999999995;1234.87;903.2749999999994;688.851;9.300999999999995;471.6170000000001;283.99899999999985;27.40800000000003;34.480999999999995;716.0849999999999;271310.8480000001;582058.7559999999;89.35399999999997;22;388.1179999999999;57.94600000000002;2.3949999999999965;229.67599999999987;606.1999999999998;145.80800000000002;993.0529999999998;14800.523999999996
2023Q3;1292.84;369.771;623.073;2701.508;3214.054;968.875;204.267;3094.685;2637.724;371.483;222.598;2849.722;1288883.88;1019816.6;467.364;187.122;1852.408;278.795;44.212;1578.812;1861.04;198.379;2654.311;30288.047;423.303;215.048;333.391;639.343;869.253;217.406;103.01;1525.197;1190.099;275.365;122.596;771.335;186588.104;218891.348;191.175;78.197;996.535;117.378;23.54;619.966;303.902;24.799;763.04;6724.757;315.133;66.74;85.074;321.431;163.58;146.679;55.396;589.538;730.511;262.344;72.118;200.815;78344.158;135705.674;121.193;19.247;493.839;77.025;9.285;177.966;267.441;15.408;453.939;3691;55.493;34.292;56.084;77.538;117.469;37.93;21.217;179.656;72.822;12.992;14.07;151.553;15461.42;14849.744;23.588;7.901;77;18.773;5.174;139.047;35.003;7.826;45.406;964.397;52.677000000000014;114.01599999999999;192.233;240.37399999999997;588.204;32.797000000000004;26.397000000000006;756.0029999999999;386.76599999999996;0.029000000000014126;36.40800000000001;418.967;92782.526;68335.93;46.39400000000001;51.04900000000001;425.69599999999997;21.579999999999995;9.081;302.953;1.4580000000000126;1.5650000000000004;263.69499999999994;2069.3599999999997;869.5369999999999;154.723;289.68199999999996;2062.165;2344.801;751.469;101.25699999999999;1569.488;1447.6250000000002;96.118;100.00200000000001;2078.387;1102295.7759999998;800925.252;276.18899999999996;108.92500000000001;855.8729999999999;161.41700000000003;20.672000000000004;958.8459999999999;1557.138;173.57999999999998;1891.2710000000002;23563.29;253.363;91.759;118.275;287.42;2.8;0;51.103;647.889;706.113;34.294;54.615;710.032;586878.1;14668.4;130.415;50.274;0;71.584;14.13;416.08;330;1.164;757.272;4958.138;119.059;32.638;64.292;466.502;1404.028;51.565;39.716;452.561;455.18;32.772;10.495;637.954;241890;231118.7;57.704;32.258;450.6;32.006;3.916;302.938;665.031;22.603;123.972;3195.512;497.115;30.326000000000015;107.11499999999995;1308.243;937.9729999999997;699.904;10.437999999999988;469.03800000000007;286.33200000000016;29.052;34.89200000000001;730.4010000000001;273527.67599999986;555138.152;88.06999999999996;26.393000000000008;405.2729999999999;57.82700000000003;2.6260000000000034;239.82799999999986;562.107;149.813;1010.0270000000003;15409.640000000001
2023Q4;1313.062;371.729;614.991;2753.325;3234.002;942.073;210.866;3101.376;2631.777;369.099;220.724;2868.411;1297630.49;1056770.1;481.468;192.36;2271.031;261.849;43.739;1575.374;1954.397;200.103;2720.877;31022.747;440.803;222.671;326.362;663.178;850.046;214.863;108.714;1545.56;1185.373;270.429;119.761;793.736;184870.803;220284.964;190.786;80.308;1374.615;110.328;23.154;627.238;331.26;26.063;784.59;6620.327;318.617;66.185;76.82;338.991;174.857;150.235;55.579;577.336;750.765;259.156;68.809;188.714;80162.722;134055.198;114.797;22.191;511.811;74.33;8.854;170.355;287.071;15.29;428.652;3786.9;53.735;39.072;58.988;85.559;114.331;41.677;19.851;195.662;85.218;11.249;16.056;164.587;12722.679;15681.83;21.694;7.979;72.425;14.883;4.696;152.385;42.422;8.218;57.445;1088.123;68.45099999999998;117.41399999999999;190.55400000000003;238.62800000000001;560.8580000000001;22.950999999999986;33.284;772.5619999999999;349.39000000000004;0.02399999999996716;34.896;440.43499999999995;91985.40200000002;70547.936;54.295;50.138000000000005;790.3790000000001;21.115000000000006;9.604000000000001;304.49800000000005;1.7669999999999675;2.5549999999999997;298.49300000000005;1745.304;872.2589999999999;149.058;288.62899999999996;2090.147;2383.956;727.21;102.15200000000002;1555.8160000000003;1446.404;98.67000000000002;100.963;2074.675;1112759.687;836485.136;290.682;112.052;896.4159999999999;151.521;20.584999999999997;948.136;1623.137;174.04000000000002;1936.2869999999998;24402.42;258.249;87.458;115.515;291.4;2.8;0;51.454;638.964;696.287;35.087;54.835;695.548;592269.5;12862.9;134.495;48.765;0;67.608;14.189;409.505;271.659;1.234;743.857;4790.547;117.052;31.932;65.598;497.361;1422.827;40.985;40.305;462.597;461.592;34.282;11.02;623.549;241700;219779.5;58.546;34.157;476.5;28.756;4.107;297.452;718.154;23.582;132.639;3783.929;496.95799999999986;29.667999999999996;107.51599999999998;1301.386;958.329;686.225;10.393000000000015;454.2550000000002;288.525;29.301000000000016;35.10799999999999;755.5780000000002;278790.1869999999;603842.736;97.64100000000002;29.13000000000001;419.91599999999994;55.15699999999998;2.288999999999997;241.17899999999997;633.3240000000001;149.22400000000002;1059.7909999999997;15827.944
2024Q1;1327.979;383.713;638.812;2830.049;3337.526;939.741;213.613;3159.531;2639.393;368.365;215.843;2899.178;1306710.77;1109259.7;475.823;200.395;2132.397;269.638;45.472;1614.71;1941.355;199.426;2736.266;31622.327;455.269;231.801;346.138;695.76;1080.226;266.646;112.892;1599.932;1213.567;270.043;118.227;834.909;192310.268;219608.131;193.064;87.414;1216.302;118.754;24.09;652.641;351.673;25.813;793.224;7101.316;335.668;67.447;78.476;345.152;187.735;192.685;56.07;585.355;754.147;257.742;68.171;188.555;86192.336;140436.127;116.463;23.554;548.993;75.054;8.893;170.352;305.66;15.949;445.366;3815;56.319;40.703;63.353;92.826;119.552;42.698;23.321;211.323;97.43;12.275;14.887;173.063;13660.377;17202.875;20.179;9.144;70.787;19.749;4.594;159.075;44.173;6.956;57.673;1125.66;63.282;123.65099999999998;204.30899999999997;257.78200000000004;772.9390000000001;31.263000000000012;33.50099999999999;803.254;361.98999999999995;0.025999999999987367;35.169;473.29100000000005;92457.55500000002;61969.128999999986;56.422;54.716;596.5219999999998;23.951000000000004;10.602999999999998;323.214;1.839999999999975;2.9079999999999986;290.18500000000006;2160.656;872.71;151.91200000000003;292.67400000000004;2134.2889999999998;2257.2999999999997;673.095;100.721;1559.599;1425.826;98.322;97.61599999999999;2064.269;1114400.502;889651.5689999999;282.759;112.98100000000001;916.095;150.88399999999996;21.382;962.0690000000001;1589.682;173.613;1943.042;24521.011000000002;260.352;87.897;116.86;279.49;2.8;0;51.448;625.778;683.097;35.174;51.774;685.286;589663.4;11057.4;126.007;47.87;0;64.881;14.249;406.765;247;1.241;728.047;4618.082;116.856;34.308;65.598;491.769;1422.827;28.165;40.305;462.597;458.913;32.474;10.782;601.559;243100;242700.7;58.546;35.299;485.4;28.756;4.107;297.452;718.154;23.839;127.546;4178.668;495.50200000000007;29.70700000000003;110.21600000000002;1363.0299999999997;831.6729999999995;644.9300000000001;8.968000000000004;471.22399999999993;283.81600000000003;30.674000000000007;35.05999999999999;777.4239999999998;281637.1020000001;635893.4689999998;98.20600000000002;29.81200000000002;430.69500000000005;57.24699999999996;3.0260000000000007;257.8520000000001;624.528;148.533;1087.4489999999998;15724.261000000004
2024Q2;1342.26;394.78;643.098;2844.784;3321.079;949.202;219.326;3228.411;2635.103;369.442;216.935;2952.894;1325378.87;1142183.8;475.205;208.411;2229.137;276.719;45.468;1626.065;2002.734;202.77;2803.573;32221.907;434.755;236.643;356.142;758.45;1261.382;321.694;118.966;1668.428;1225.584;269.345;118.7;865.325;179161.449;219402.052;192.772;88.476;1303.785;124.337;23.768;660.512;350.057;26.691;811.291;7219.868;348.46;68.591;80.333;361.828;195.694;233.531;57.572;610.073;761.845;257.433;68.714;191.691;89829.18;144431.39;119.861;23.14;538.97;75.203;8.987;172.567;303.367;16.734;454.083;3827.5;53.219;42.908;64.281;98.474;112.336;41.111;24.387;221.506;96.902;11.886;14.307;172.089;12774.927;17414.894;21.345;8.48;68.689;18.732;4.599;168.083;44.823;5.439;62.147;1154.535;33.076000000000015;125.14400000000002;211.52799999999996;298.1480000000001;953.3520000000001;47.052000000000014;37.00699999999999;836.849;366.83700000000005;0.026000000000035328;35.679;501.545;76557.342;57555.76799999998;51.56599999999999;56.855999999999995;696.1260000000001;30.402;10.182;319.86199999999997;1.8669999999999973;4.517999999999997;295.06100000000004;2237.8330000000005;907.505;158.13699999999997;286.95599999999996;2086.334;2059.697;627.508;100.36;1559.983;1409.519;100.09699999999998;98.235;2087.5689999999995;1146217.421;922781.748;282.433;119.935;925.3520000000001;152.382;21.700000000000003;965.5530000000001;1652.677;176.079;1992.2819999999997;25002.038999999997;235.013;88.968;111.19;246.58;2.8;0;50.468;619.094;683.097;34.391;52.104;681.36;588496.9;9251.9;126.002;39.639;0;65.437;14.296;398.862;231;1.253;695.024;4453.571;139.835;34.028;65.598;491.701;1422.827;39.775;40.305;462.597;458.913;32.481;10.56;608.809;243100;252510.3;58.546;39.011;487.5;28.756;4.107;297.452;718.154;23.443;161.515;4052.422;532.6569999999999;35.14099999999997;110.16799999999996;1348.0529999999999;634.0699999999999;587.7330000000001;9.586999999999996;478.2919999999999;267.509;33.22499999999999;35.571;797.3999999999994;314620.52100000007;661019.548;97.88499999999999;41.28499999999999;437.8520000000001;58.18900000000001;3.2970000000000033;269.23900000000003;703.5229999999999;151.383;1135.743;16496.046
